seed,qid,arm,rr,truth_lv,truth_fr,nc
10,10:CC(=O)NC(C(=O)N1CC(O)CC1C(=O)NCc1ccc(-c2scnc2C)cc1)C(C)(C)S,old+their,1.0,0.0,0.0,407
10,10:CC(=O)NC(C(=O)N1CC(O)CC1C(=O)NCc1ccc(-c2scnc2C)cc1)C(C)(C)S,new+their,1.0,0.0,0.0,407
10,10:CC(=O)NC(C(=O)N1CC(O)CC1C(=O)NCc1ccc(-c2scnc2C)cc1)C(C)(C)S,old+bde,1.0,0.0,0.41347548365592957,407
10,10:CC(=O)NC(C(=O)N1CC(O)CC1C(=O)NCc1ccc(-c2scnc2C)cc1)C(C)(C)S,new+bde,1.0,0.0,0.41347548365592957,407
10,10:CC(C)C1(CO)CCN(C(=O)CCOC2CCOCC2)C1,old+their,0.0,0.0,0.0,864
10,10:CC(C)C1(CO)CCN(C(=O)CCOC2CCOCC2)C1,new+their,0.0,0.0,0.0,864
10,10:CC(C)C1(CO)CCN(C(=O)CCOC2CCOCC2)C1,old+bde,0.0,0.0,0.0,864
10,10:CC(C)C1(CO)CCN(C(=O)CCOC2CCOCC2)C1,new+bde,0.0,0.0,0.0,864
10,10:CC(C)CC(NCC(O)C(O)C(O)C(O)C(=O)O)C(=O)O,old+their,1.0,0.0,0.30057916045188904,474
10,10:CC(C)CC(NCC(O)C(O)C(O)C(O)C(=O)O)C(=O)O,new+their,1.0,0.0,0.30057916045188904,474
10,10:CC(C)CC(NCC(O)C(O)C(O)C(O)C(=O)O)C(=O)O,old+bde,1.0,0.0,0.11014614254236221,474
10,10:CC(C)CC(NCC(O)C(O)C(O)C(O)C(=O)O)C(=O)O,new+bde,1.0,0.0,0.11014614254236221,474
10,10:CC(CNC(=O)NCc1ccc(-c2ccn[nH]2)cc1)N1CCOCC1,old+their,1.0,0.0,0.9494394063949585,647
10,10:CC(CNC(=O)NCc1ccc(-c2ccn[nH]2)cc1)N1CCOCC1,new+their,0.25,0.0,0.9494394063949585,647
10,10:CC(CNC(=O)NCc1ccc(-c2ccn[nH]2)cc1)N1CCOCC1,old+bde,1.0,0.0,0.9494394063949585,647
10,10:CC(CNC(=O)NCc1ccc(-c2ccn[nH]2)cc1)N1CCOCC1,new+bde,0.3333333333333333,0.0,0.9494394063949585,647
10,10:CC(NC(=O)Cc1ccc(C(F)(F)F)cc1)C(=O)N1CCS(=O)(=O)CC1,old+their,1.0,0.0,0.6030223369598389,552
10,10:CC(NC(=O)Cc1ccc(C(F)(F)F)cc1)C(=O)N1CCS(=O)(=O)CC1,new+their,1.0,0.0,0.6030223369598389,552
10,10:CC(NC(=O)Cc1ccc(C(F)(F)F)cc1)C(=O)N1CCS(=O)(=O)CC1,old+bde,1.0,0.0,0.6045170426368713,552
10,10:CC(NC(=O)Cc1ccc(C(F)(F)F)cc1)C(=O)N1CCS(=O)(=O)CC1,new+bde,1.0,0.0,0.6045170426368713,552
10,10:CC=C(C)C(=O)OC1CC2C(O)C(OC(=O)C(C)=CC)C(C1)N2C,old+their,0.07692307692307693,0.0,0.7379320859909058,462
10,10:CC=C(C)C(=O)OC1CC2C(O)C(OC(=O)C(C)=CC)C(C1)N2C,new+their,0.25,0.0,0.7379320859909058,462
10,10:CC=C(C)C(=O)OC1CC2C(O)C(OC(=O)C(C)=CC)C(C1)N2C,old+bde,0.08333333333333333,0.0,0.5469030737876892,462
10,10:CC=C(C)C(=O)OC1CC2C(O)C(OC(=O)C(C)=CC)C(C1)N2C,new+bde,0.2,0.0,0.5469030737876892,462
10,10:CCC(C)NS(=O)(=O)c1ccc(C(=O)N(CC)CC2CCCO2)cc1,old+their,1.0,0.0,0.3572559356689453,568
10,10:CCC(C)NS(=O)(=O)c1ccc(C(=O)N(CC)CC2CCCO2)cc1,new+their,1.0,0.0,0.3572559356689453,568
10,10:CCC(C)NS(=O)(=O)c1ccc(C(=O)N(CC)CC2CCCO2)cc1,old+bde,1.0,0.0,0.18145804107189178,568
10,10:CCC(C)NS(=O)(=O)c1ccc(C(=O)N(CC)CC2CCCO2)cc1,new+bde,1.0,0.0,0.18145804107189178,568
10,10:CCC=C(OC)C(=O)NC(C)C=C(C)C=C(C)C=CCC(C)C1OC(=O)C(C)CC1C,old+their,0.5,0.0,0.4994240999221802,471
10,10:CCC=C(OC)C(=O)NC(C)C=C(C)C=C(C)C=CCC(C)C1OC(=O)C(C)CC1C,new+their,0.5,0.0,0.4994240999221802,471
10,10:CCC=C(OC)C(=O)NC(C)C=C(C)C=C(C)C=CCC(C)C1OC(=O)C(C)CC1C,old+bde,0.5,0.0,0.2721584737300873,471
10,10:CCC=C(OC)C(=O)NC(C)C=C(C)C=C(C)C=CCC(C)C1OC(=O)C(C)CC1C,new+bde,0.3333333333333333,0.0,0.2721584737300873,471
10,10:CCCCC(NC(=O)C(C)Oc1ccc2c(CCC)cc(=O)oc2c1C)C(=O)O,old+their,0.5,0.0,0.6908047795295715,588
10,10:CCCCC(NC(=O)C(C)Oc1ccc2c(CCC)cc(=O)oc2c1C)C(=O)O,new+their,0.25,0.0,0.6908047795295715,588
10,10:CCCCC(NC(=O)C(C)Oc1ccc2c(CCC)cc(=O)oc2c1C)C(=O)O,old+bde,0.5,0.0,0.8277754783630371,588
10,10:CCCCC(NC(=O)C(C)Oc1ccc2c(CCC)cc(=O)oc2c1C)C(=O)O,new+bde,0.2,0.0,0.8277754783630371,588
10,10:CCCCCCC=CCCCCCCCC(=O)OCC(COC(=O)CCCCCCCCCCCC=CCCCCCCCCCC)OC(=O)CCCCCCCC=CCCCCCCC,old+their,0.25,0.0,0.01171788852661848,272
10,10:CCCCCCC=CCCCCCCCC(=O)OCC(COC(=O)CCCCCCCCCCCC=CCCCCCCCCCC)OC(=O)CCCCCCCC=CCCCCCCC,new+their,0.25,0.0,0.01171788852661848,272
10,10:CCCCCCC=CCCCCCCCC(=O)OCC(COC(=O)CCCCCCCCCCCC=CCCCCCCCCCC)OC(=O)CCCCCCCC=CCCCCCCC,old+bde,0.2,0.0,0.21244890987873077,272
10,10:CCCCCCC=CCCCCCCCC(=O)OCC(COC(=O)CCCCCCCCCCCC=CCCCCCCCCCC)OC(=O)CCCCCCCC=CCCCCCCC,new+bde,0.5,0.0,0.21244890987873077,272
10,10:CCOc1cccc(CN2CCC(Oc3ccnc(CN(C)C)c3)C2)n1,old+their,1.0,0.0,0.3358455002307892,535
10,10:CCOc1cccc(CN2CCC(Oc3ccnc(CN(C)C)c3)C2)n1,new+their,1.0,0.0,0.3358455002307892,535
10,10:CCOc1cccc(CN2CCC(Oc3ccnc(CN(C)C)c3)C2)n1,old+bde,1.0,0.0,0.29815375804901123,535
10,10:CCOc1cccc(CN2CCC(Oc3ccnc(CN(C)C)c3)C2)n1,new+bde,1.0,0.0,0.29815375804901123,535
10,10:CCSc1ncc(Cl)c(C(=O)NC(CC(C)C)C(=O)Nc2ccc(Br)cc2)n1,old+their,1.0,0.0,0.7643186450004578,485
10,10:CCSc1ncc(Cl)c(C(=O)NC(CC(C)C)C(=O)Nc2ccc(Br)cc2)n1,new+their,1.0,0.0,0.7643186450004578,485
10,10:CCSc1ncc(Cl)c(C(=O)NC(CC(C)C)C(=O)Nc2ccc(Br)cc2)n1,old+bde,1.0,0.0,0.48253297805786133,485
10,10:CCSc1ncc(Cl)c(C(=O)NC(CC(C)C)C(=O)Nc2ccc(Br)cc2)n1,new+bde,1.0,0.0,0.48253297805786133,485
10,10:CCc1nnsc1C(=O)Nc1cc(C(C)(C)C)n[nH]1,old+their,1.0,0.0,0.49411219358444214,664
10,10:CCc1nnsc1C(=O)Nc1cc(C(C)(C)C)n[nH]1,new+their,1.0,0.0,0.49411219358444214,664
10,10:CCc1nnsc1C(=O)Nc1cc(C(C)(C)C)n[nH]1,old+bde,1.0,0.0,0.24414677917957306,664
10,10:CCc1nnsc1C(=O)Nc1cc(C(C)(C)C)n[nH]1,new+bde,1.0,0.0,0.24414677917957306,664
10,10:CN(C)C(CNC(=O)Cc1ccc(Cl)cc1)c1ccc(F)cc1,old+their,0.2,0.0,0.1452760100364685,668
10,10:CN(C)C(CNC(=O)Cc1ccc(Cl)cc1)c1ccc(F)cc1,new+their,0.25,0.0,0.1452760100364685,668
10,10:CN(C)C(CNC(=O)Cc1ccc(Cl)cc1)c1ccc(F)cc1,old+bde,0.125,0.0,0.07201416045427322,668
10,10:CN(C)C(CNC(=O)Cc1ccc(Cl)cc1)c1ccc(F)cc1,new+bde,0.16666666666666666,0.0,0.07201416045427322,668
10,10:CN(C)Cc1nc(C(C)(C)NC(=O)C2CCCc3ccccc32)no1,old+their,1.0,0.0,0.5146746635437012,713
10,10:CN(C)Cc1nc(C(C)(C)NC(=O)C2CCCc3ccccc32)no1,new+their,0.5,0.0,0.5146746635437012,713
10,10:CN(C)Cc1nc(C(C)(C)NC(=O)C2CCCc3ccccc32)no1,old+bde,1.0,0.0,0.3975371718406677,713
10,10:CN(C)Cc1nc(C(C)(C)NC(=O)C2CCCc3ccccc32)no1,new+bde,0.5,0.0,0.3975371718406677,713
10,10:CN(C)c1ccc(OC2CCN(C(=O)c3cccc(C#N)c3)C2)nn1,old+their,1.0,0.0,0.799609899520874,666
10,10:CN(C)c1ccc(OC2CCN(C(=O)c3cccc(C#N)c3)C2)nn1,new+their,1.0,0.0,0.799609899520874,666
10,10:CN(C)c1ccc(OC2CCN(C(=O)c3cccc(C#N)c3)C2)nn1,old+bde,1.0,0.0,0.7203044295310974,666
10,10:CN(C)c1ccc(OC2CCN(C(=O)c3cccc(C#N)c3)C2)nn1,new+bde,1.0,0.0,0.7203044295310974,666
10,10:CNC(=O)C12CCOCC1CN(C(=O)Cn1nc3ccccn3c1=O)C2,old+their,0.0,0.0,0.01444217562675476,462
10,10:CNC(=O)C12CCOCC1CN(C(=O)Cn1nc3ccccn3c1=O)C2,new+their,0.045454545454545456,0.0,0.01444217562675476,462
10,10:CNC(=O)C12CCOCC1CN(C(=O)Cn1nc3ccccn3c1=O)C2,old+bde,0.0,0.0,0.012737607583403587,462
10,10:CNC(=O)C12CCOCC1CN(C(=O)Cn1nc3ccccn3c1=O)C2,new+bde,0.045454545454545456,0.0,0.012737607583403587,462
10,10:CNC(=O)C1Cn2c(C)nnc2CN1C(=O)c1ccnn1C1CCCC1,old+their,1.0,0.0,0.38477620482444763,472
10,10:CNC(=O)C1Cn2c(C)nnc2CN1C(=O)c1ccnn1C1CCCC1,new+their,1.0,0.0,0.38477620482444763,472
10,10:CNC(=O)C1Cn2c(C)nnc2CN1C(=O)c1ccnn1C1CCCC1,old+bde,1.0,0.0,0.3178524672985077,472
10,10:CNC(=O)C1Cn2c(C)nnc2CN1C(=O)c1ccnn1C1CCCC1,new+bde,1.0,0.0,0.3178524672985077,472
10,10:CNCC1CCCN1C(=O)CCc1cc(C)on1,old+their,1.0,0.0,0.9224626421928406,594
10,10:CNCC1CCCN1C(=O)CCc1cc(C)on1,new+their,1.0,0.0,0.9224626421928406,594
10,10:CNCC1CCCN1C(=O)CCc1cc(C)on1,old+bde,1.0,0.0,0.844122588634491,594
10,10:CNCC1CCCN1C(=O)CCc1cc(C)on1,new+bde,1.0,0.0,0.844122588634491,594
10,10:COCCS(=O)(=O)NC1CCCOC1c1cnn(C)c1,old+their,1.0,0.0,0.30188822746276855,578
10,10:COCCS(=O)(=O)NC1CCCOC1c1cnn(C)c1,new+their,1.0,0.0,0.30188822746276855,578
10,10:COCCS(=O)(=O)NC1CCCOC1c1cnn(C)c1,old+bde,1.0,0.0,0.18429243564605713,578
10,10:COCCS(=O)(=O)NC1CCCOC1c1cnn(C)c1,new+bde,1.0,0.0,0.18429243564605713,578
10,10:COCc1n[nH]c(C2CN(c3ncc(Cl)cc3F)CC2C2CC2)n1,old+their,1.0,0.0,0.2938479781150818,599
10,10:COCc1n[nH]c(C2CN(c3ncc(Cl)cc3F)CC2C2CC2)n1,new+their,0.5,0.0,0.2938479781150818,599
10,10:COCc1n[nH]c(C2CN(c3ncc(Cl)cc3F)CC2C2CC2)n1,old+bde,1.0,0.0,0.1705552190542221,599
10,10:COCc1n[nH]c(C2CN(c3ncc(Cl)cc3F)CC2C2CC2)n1,new+bde,0.5,0.0,0.1705552190542221,599
10,10:COc1cc(C=O)cc(OC)c1OCC=C(C)C,old+their,0.0,0.0,0.09454717487096786,579
10,10:COc1cc(C=O)cc(OC)c1OCC=C(C)C,new+their,0.0,0.0,0.09454717487096786,579
10,10:COc1cc(C=O)cc(OC)c1OCC=C(C)C,old+bde,0.0,0.0,0.037648383527994156,579
10,10:COc1cc(C=O)cc(OC)c1OCC=C(C)C,new+bde,0.0,0.0,0.037648383527994156,579
10,10:COc1cc2c(cc1OC)C(CC(=O)O)N(C(=O)c1cccc3cccnc13)CC2,old+their,0.16666666666666666,0.0,0.07766039669513702,753
10,10:COc1cc2c(cc1OC)C(CC(=O)O)N(C(=O)c1cccc3cccnc13)CC2,new+their,0.09090909090909091,0.0,0.07766039669513702,753
10,10:COc1cc2c(cc1OC)C(CC(=O)O)N(C(=O)c1cccc3cccnc13)CC2,old+bde,0.2,0.0,0.07766039669513702,753
10,10:COc1cc2c(cc1OC)C(CC(=O)O)N(C(=O)c1cccc3cccnc13)CC2,new+bde,0.1,0.0,0.07766039669513702,753
10,10:COc1ccc(CCN2CN=C(SCc3ccc(Cl)cc3)NC2)cc1OC,old+their,1.0,0.0,0.7433540225028992,522
10,10:COc1ccc(CCN2CN=C(SCc3ccc(Cl)cc3)NC2)cc1OC,new+their,1.0,0.0,0.7433540225028992,522
10,10:COc1ccc(CCN2CN=C(SCc3ccc(Cl)cc3)NC2)cc1OC,old+bde,1.0,0.0,0.5474889874458313,522
10,10:COc1ccc(CCN2CN=C(SCc3ccc(Cl)cc3)NC2)cc1OC,new+bde,1.0,0.0,0.5474889874458313,522
10,10:COc1ccc(F)c2[nH]c(C(=O)N3CCCN(C(=O)c4cccc(F)c4)CC3)cc12,old+their,0.058823529411764705,0.0,0.009831120260059834,461
10,10:COc1ccc(F)c2[nH]c(C(=O)N3CCCN(C(=O)c4cccc(F)c4)CC3)cc12,new+their,0.1,0.0,0.009831120260059834,461
10,10:COc1ccc(F)c2[nH]c(C(=O)N3CCCN(C(=O)c4cccc(F)c4)CC3)cc12,old+bde,0.058823529411764705,0.0,0.008184127509593964,461
10,10:COc1ccc(F)c2[nH]c(C(=O)N3CCCN(C(=O)c4cccc(F)c4)CC3)cc12,new+bde,0.1111111111111111,0.0,0.008184127509593964,461
10,10:COc1ccc(I)c(C(=O)NC(=O)NCCCC(NC(=O)C(C)C(C)C)C(=O)O)c1,old+their,1.0,0.0,0.43833449482917786,320
10,10:COc1ccc(I)c(C(=O)NC(=O)NCCCC(NC(=O)C(C)C(C)C)C(=O)O)c1,new+their,0.5,0.0,0.43833449482917786,320
10,10:COc1ccc(I)c(C(=O)NC(=O)NCCCC(NC(=O)C(C)C(C)C)C(=O)O)c1,old+bde,1.0,0.0,0.2958868741989136,320
10,10:COc1ccc(I)c(C(=O)NC(=O)NCCCC(NC(=O)C(C)C(C)C)C(=O)O)c1,new+bde,0.3333333333333333,0.0,0.2958868741989136,320
10,10:COc1ccc(N2C(=O)C(C)CS2(=O)=O)cc1S(=O)(=O)NCCc1c[nH]c2ccccc12,old+their,0.2,0.0,0.0,348
10,10:COc1ccc(N2C(=O)C(C)CS2(=O)=O)cc1S(=O)(=O)NCCc1c[nH]c2ccccc12,new+their,0.25,0.0,0.0,348
10,10:COc1ccc(N2C(=O)C(C)CS2(=O)=O)cc1S(=O)(=O)NCCc1c[nH]c2ccccc12,old+bde,0.3333333333333333,0.0,0.13663198053836823,348
10,10:COc1ccc(N2C(=O)C(C)CS2(=O)=O)cc1S(=O)(=O)NCCc1c[nH]c2ccccc12,new+bde,0.5,0.0,0.13663198053836823,348
10,10:COc1ccc(S(N)(=O)=O)cc1NC(=O)C1CC1C(=O)O,old+their,1.0,0.0,0.46233412623405457,607
10,10:COc1ccc(S(N)(=O)=O)cc1NC(=O)C1CC1C(=O)O,new+their,0.5,0.0,0.46233412623405457,607
10,10:COc1ccc(S(N)(=O)=O)cc1NC(=O)C1CC1C(=O)O,old+bde,1.0,0.0,0.3882840573787689,607
10,10:COc1ccc(S(N)(=O)=O)cc1NC(=O)C1CC1C(=O)O,new+bde,0.5,0.0,0.3882840573787689,607
10,10:CSCCC(NS(=O)(=O)c1ccc(C)cc1)C(=O)O,old+their,1.0,0.0,0.8129821419715881,588
10,10:CSCCC(NS(=O)(=O)c1ccc(C)cc1)C(=O)O,new+their,1.0,0.0,0.8129821419715881,588
10,10:CSCCC(NS(=O)(=O)c1ccc(C)cc1)C(=O)O,old+bde,1.0,0.0,0.6307262182235718,588
10,10:CSCCC(NS(=O)(=O)c1ccc(C)cc1)C(=O)O,new+bde,1.0,0.0,0.6307262182235718,588
10,10:Cc1cc(-n2cncn2)ccc1C(=O)N1CCCCC1CCC(=O)O,old+their,0.0,0.0,0.038079142570495605,676
10,10:Cc1cc(-n2cncn2)ccc1C(=O)N1CCCCC1CCC(=O)O,new+their,0.0,0.0,0.038079142570495605,676
10,10:Cc1cc(-n2cncn2)ccc1C(=O)N1CCCCC1CCC(=O)O,old+bde,0.0,0.0,0.01808001659810543,676
10,10:Cc1cc(-n2cncn2)ccc1C(=O)N1CCCCC1CCC(=O)O,new+bde,0.0,0.0,0.01808001659810543,676
10,10:Cc1cc(CN2CCn3c(CC(C)C)nnc3C2)ccc1F,old+their,0.0,0.0,0.0,466
10,10:Cc1cc(CN2CCn3c(CC(C)C)nnc3C2)ccc1F,new+their,0.0,0.0,0.0,466
10,10:Cc1cc(CN2CCn3c(CC(C)C)nnc3C2)ccc1F,old+bde,0.0,0.0,0.0,466
10,10:Cc1cc(CN2CCn3c(CC(C)C)nnc3C2)ccc1F,new+bde,0.0,0.0,0.0,466
10,10:Cc1cc(CO)oc1C(=O)N1CCC(Oc2ccnc(CN(C)C)c2)C1,old+their,1.0,0.0,0.8000679612159729,426
10,10:Cc1cc(CO)oc1C(=O)N1CCC(Oc2ccnc(CN(C)C)c2)C1,new+their,1.0,0.0,0.8000679612159729,426
10,10:Cc1cc(CO)oc1C(=O)N1CCC(Oc2ccnc(CN(C)C)c2)C1,old+bde,1.0,0.0,0.7432734370231628,426
10,10:Cc1cc(CO)oc1C(=O)N1CCC(Oc2ccnc(CN(C)C)c2)C1,new+bde,1.0,0.0,0.7432734370231628,426
10,10:Cc1ccc2cc(C(=O)NCC3CNCCO3)ccc2n1,old+their,0.5,0.0,0.5819497108459473,553
10,10:Cc1ccc2cc(C(=O)NCC3CNCCO3)ccc2n1,new+their,1.0,0.0,0.5819497108459473,553
10,10:Cc1ccc2cc(C(=O)NCC3CNCCO3)ccc2n1,old+bde,0.5,0.0,0.3681368827819824,553
10,10:Cc1ccc2cc(C(=O)NCC3CNCCO3)ccc2n1,new+bde,1.0,0.0,0.3681368827819824,553
10,10:Cc1cncc(C(=O)N2CC(c3nc(C(C)C)n[nH]3)C(C3CC3)C2)c1O,old+their,1.0,0.0,0.5082298517227173,556
10,10:Cc1cncc(C(=O)N2CC(c3nc(C(C)C)n[nH]3)C(C3CC3)C2)c1O,new+their,1.0,0.0,0.5082298517227173,556
10,10:Cc1cncc(C(=O)N2CC(c3nc(C(C)C)n[nH]3)C(C3CC3)C2)c1O,old+bde,1.0,0.0,0.35648369789123535,556
10,10:Cc1cncc(C(=O)N2CC(c3nc(C(C)C)n[nH]3)C(C3CC3)C2)c1O,new+bde,1.0,0.0,0.35648369789123535,556
10,10:Cc1cnn(CCC(=O)NNC(=S)Nc2ccccc2)c1,old+their,1.0,0.0,0.6248311400413513,612
10,10:Cc1cnn(CCC(=O)NNC(=S)Nc2ccccc2)c1,new+their,1.0,0.0,0.6248311400413513,612
10,10:Cc1cnn(CCC(=O)NNC(=S)Nc2ccccc2)c1,old+bde,1.0,0.0,0.42205411195755005,612
10,10:Cc1cnn(CCC(=O)NNC(=S)Nc2ccccc2)c1,new+bde,1.0,0.0,0.42205411195755005,612
10,10:Cc1nn(C)c(C)c1NC(=O)CN(Cc1ccc(F)cc1)C1CC1,old+their,0.0,0.0,0.1286349594593048,710
10,10:Cc1nn(C)c(C)c1NC(=O)CN(Cc1ccc(F)cc1)C1CC1,new+their,0.0,0.0,0.1286349594593048,710
10,10:Cc1nn(C)c(C)c1NC(=O)CN(Cc1ccc(F)cc1)C1CC1,old+bde,0.0,0.0,0.10639992356300354,710
10,10:Cc1nn(C)c(C)c1NC(=O)CN(Cc1ccc(F)cc1)C1CC1,new+bde,0.0,0.0,0.10639992356300354,710
10,10:Cc1oc(C)c(C(=O)NC(C)c2ccccn2)c1C,old+their,1.0,0.0,0.5914603471755981,438
10,10:Cc1oc(C)c(C(=O)NC(C)c2ccccn2)c1C,new+their,1.0,0.0,0.5914603471755981,438
10,10:Cc1oc(C)c(C(=O)NC(C)c2ccccn2)c1C,old+bde,1.0,0.0,0.5328250527381897,438
10,10:Cc1oc(C)c(C(=O)NC(C)c2ccccn2)c1C,new+bde,1.0,0.0,0.5328250527381897,438
10,10:Clc1ccc(Oc2cccc(-c3nc4ccccc4n3CCN3CCCCC3)c2)cc1Cl,old+their,1.0,0.0,0.0,574
10,10:Clc1ccc(Oc2cccc(-c3nc4ccccc4n3CCN3CCCCC3)c2)cc1Cl,new+their,1.0,0.0,0.0,574
10,10:Clc1ccc(Oc2cccc(-c3nc4ccccc4n3CCN3CCCCC3)c2)cc1Cl,old+bde,1.0,0.0,0.47291991114616394,574
10,10:Clc1ccc(Oc2cccc(-c3nc4ccccc4n3CCN3CCCCC3)c2)cc1Cl,new+bde,1.0,0.0,0.47291991114616394,574
10,10:FC(F)(F)c1ccc(C2=NC3c4ccccc4CC3O2)nc1,old+their,1.0,0.0,0.5968397855758667,794
10,10:FC(F)(F)c1ccc(C2=NC3c4ccccc4CC3O2)nc1,new+their,1.0,0.0,0.5968397855758667,794
10,10:FC(F)(F)c1ccc(C2=NC3c4ccccc4CC3O2)nc1,old+bde,1.0,0.0,0.2984314262866974,794
10,10:FC(F)(F)c1ccc(C2=NC3c4ccccc4CC3O2)nc1,new+bde,1.0,0.0,0.2984314262866974,794
10,10:NC(=O)C1CCN(C(=O)C(N)CC2CCCCC2)CC1,old+their,0.06666666666666667,0.0,0.611811637878418,801
10,10:NC(=O)C1CCN(C(=O)C(N)CC2CCCCC2)CC1,new+their,0.06666666666666667,0.0,0.611811637878418,801
10,10:NC(=O)C1CCN(C(=O)C(N)CC2CCCCC2)CC1,old+bde,0.0625,0.0,0.5693124532699585,801
10,10:NC(=O)C1CCN(C(=O)C(N)CC2CCCCC2)CC1,new+bde,0.05263157894736842,0.0,0.5693124532699585,801
10,10:NC(=O)NC(CO)C(=O)N1CCN(c2ccc(F)cc2Cl)CC1,old+their,1.0,0.0,0.6867763996124268,1002
10,10:NC(=O)NC(CO)C(=O)N1CCN(c2ccc(F)cc2Cl)CC1,new+their,1.0,0.0,0.6867763996124268,1002
10,10:NC(=O)NC(CO)C(=O)N1CCN(c2ccc(F)cc2Cl)CC1,old+bde,1.0,0.0,0.6353976726531982,1002
10,10:NC(=O)NC(CO)C(=O)N1CCN(c2ccc(F)cc2Cl)CC1,new+bde,1.0,0.0,0.6353976726531982,1002
10,10:NC(=O)c1ccc(N2CCCC2)c(NC(=O)C2Cc3ccccc3O2)c1,old+their,0.041666666666666664,0.0,0.06134773790836334,697
10,10:NC(=O)c1ccc(N2CCCC2)c(NC(=O)C2Cc3ccccc3O2)c1,new+their,0.0,0.0,0.06134773790836334,697
10,10:NC(=O)c1ccc(N2CCCC2)c(NC(=O)C2Cc3ccccc3O2)c1,old+bde,0.041666666666666664,0.0,0.03455844521522522,697
10,10:NC(=O)c1ccc(N2CCCC2)c(NC(=O)C2Cc3ccccc3O2)c1,new+bde,0.0,0.0,0.03455844521522522,697
10,10:O=C(Cc1cccc(O)c1)NC1CCCOc2c(F)cccc21,old+their,1.0,0.0,0.9755731821060181,528
10,10:O=C(Cc1cccc(O)c1)NC1CCCOc2c(F)cccc21,new+their,1.0,0.0,0.9755731821060181,528
10,10:O=C(Cc1cccc(O)c1)NC1CCCOc2c(F)cccc21,old+bde,1.0,0.0,0.9755731821060181,528
10,10:O=C(Cc1cccc(O)c1)NC1CCCOc2c(F)cccc21,new+bde,1.0,0.0,0.9755731821060181,528
10,10:O=C(Nc1nc(Cc2ccccc2)cs1)C1CC12CCOCC2,old+their,1.0,0.0,0.5767769813537598,456
10,10:O=C(Nc1nc(Cc2ccccc2)cs1)C1CC12CCOCC2,new+their,1.0,0.0,0.5767769813537598,456
10,10:O=C(Nc1nc(Cc2ccccc2)cs1)C1CC12CCOCC2,old+bde,1.0,0.0,0.48042458295822144,456
10,10:O=C(Nc1nc(Cc2ccccc2)cs1)C1CC12CCOCC2,new+bde,1.0,0.0,0.48042458295822144,456
10,10:O=C(O)CC(=O)OCC1OC(Oc2cc3c(O)cc(O)cc3[o+]c2-c2ccc(O)cc2)C(O)C(O)C1O,old+their,1.0,0.0,0.0,411
10,10:O=C(O)CC(=O)OCC1OC(Oc2cc3c(O)cc(O)cc3[o+]c2-c2ccc(O)cc2)C(O)C(O)C1O,new+their,1.0,0.0,0.0,411
10,10:O=C(O)CC(=O)OCC1OC(Oc2cc3c(O)cc(O)cc3[o+]c2-c2ccc(O)cc2)C(O)C(O)C1O,old+bde,1.0,0.0,0.0,411
10,10:O=C(O)CC(=O)OCC1OC(Oc2cc3c(O)cc(O)cc3[o+]c2-c2ccc(O)cc2)C(O)C(O)C1O,new+bde,1.0,0.0,0.0,411
10,10:O=C(O)CCCC=CCC1C(O)CC(O)C1C=CC(F)(F)COc1ccccc1,old+their,1.0,0.0,0.5083352327346802,528
10,10:O=C(O)CCCC=CCC1C(O)CC(O)C1C=CC(F)(F)COc1ccccc1,new+their,1.0,0.0,0.5083352327346802,528
10,10:O=C(O)CCCC=CCC1C(O)CC(O)C1C=CC(F)(F)COc1ccccc1,old+bde,1.0,0.0,0.24808278679847717,528
10,10:O=C(O)CCCC=CCC1C(O)CC(O)C1C=CC(F)(F)COc1ccccc1,new+bde,1.0,0.0,0.24808278679847717,528
10,10:O=C(O)c1c(F)ccc(S(=O)(=O)NC2CC2)c1F,old+their,0.5,0.0,0.5471201539039612,712
10,10:O=C(O)c1c(F)ccc(S(=O)(=O)NC2CC2)c1F,new+their,0.2,0.0,0.5471201539039612,712
10,10:O=C(O)c1c(F)ccc(S(=O)(=O)NC2CC2)c1F,old+bde,1.0,0.0,0.5199263095855713,712
10,10:O=C(O)c1c(F)ccc(S(=O)(=O)NC2CC2)c1F,new+bde,0.2,0.0,0.5199263095855713,712
10,10:O=C(c1ccccc1-n1cnnn1)N1CCCC(CN2CCCCCC2)C1,old+their,1.0,0.0,0.24647898972034454,524
10,10:O=C(c1ccccc1-n1cnnn1)N1CCCC(CN2CCCCCC2)C1,new+their,1.0,0.0,0.24647898972034454,524
10,10:O=C(c1ccccc1-n1cnnn1)N1CCCC(CN2CCCCCC2)C1,old+bde,1.0,0.0,0.14313633739948273,524
10,10:O=C(c1ccccc1-n1cnnn1)N1CCCC(CN2CCCCCC2)C1,new+bde,1.0,0.0,0.14313633739948273,524
10,10:O=C(c1ccccc1Cl)N1CCC(NCc2cccnc2)CC1,old+their,0.5,0.0,0.6496542096138,525
10,10:O=C(c1ccccc1Cl)N1CCC(NCc2cccnc2)CC1,new+their,0.5,0.0,0.6496542096138,525
10,10:O=C(c1ccccc1Cl)N1CCC(NCc2cccnc2)CC1,old+bde,0.5,0.0,0.572390079498291,525
10,10:O=C(c1ccccc1Cl)N1CCC(NCc2cccnc2)CC1,new+bde,0.5,0.0,0.572390079498291,525
10,10:O=C1CCCN1c1ccc(S(=O)(=O)Nc2cnc3c(c2)CCO3)cc1,old+their,1.0,0.0,0.5749696493148804,566
10,10:O=C1CCCN1c1ccc(S(=O)(=O)Nc2cnc3c(c2)CCO3)cc1,new+their,1.0,0.0,0.5749696493148804,566
10,10:O=C1CCCN1c1ccc(S(=O)(=O)Nc2cnc3c(c2)CCO3)cc1,old+bde,1.0,0.0,0.5749696493148804,566
10,10:O=C1CCCN1c1ccc(S(=O)(=O)Nc2cnc3c(c2)CCO3)cc1,new+bde,1.0,0.0,0.5749696493148804,566
11,11:C(=NNc1nc(N2CCOCC2)nc(N2CCOCC2)n1)c1ccccn1,old+their,1.0,0.0,0.3737415075302124,581
11,11:C(=NNc1nc(N2CCOCC2)nc(N2CCOCC2)n1)c1ccccn1,new+their,1.0,0.0,0.3737415075302124,581
11,11:C(=NNc1nc(N2CCOCC2)nc(N2CCOCC2)n1)c1ccccn1,old+bde,1.0,0.0,0.21155741810798645,581
11,11:C(=NNc1nc(N2CCOCC2)nc(N2CCOCC2)n1)c1ccccn1,new+bde,1.0,0.0,0.21155741810798645,581
11,11:CC(C)c1ccc(NC(=O)Oc2ccc3c(c2)C2(C)CCNC2N3)cc1,old+their,0.0,0.0,0.8531641364097595,484
11,11:CC(C)c1ccc(NC(=O)Oc2ccc3c(c2)C2(C)CCNC2N3)cc1,new+their,0.0,0.0,0.8531641364097595,484
11,11:CC(C)c1ccc(NC(=O)Oc2ccc3c(c2)C2(C)CCNC2N3)cc1,old+bde,0.0,0.0,0.536080002784729,484
11,11:CC(C)c1ccc(NC(=O)Oc2ccc3c(c2)C2(C)CCNC2N3)cc1,new+bde,0.0,0.0,0.536080002784729,484
11,11:CC1CC1C(=O)NC1CCN(CC2(c3ccccc3)CCCCC2)CC1,old+their,0.0,-1.0,-1.0,1007
11,11:CC1CC1C(=O)NC1CCN(CC2(c3ccccc3)CCCCC2)CC1,new+their,0.0,-1.0,-1.0,1007
11,11:CC1CC1C(=O)NC1CCN(CC2(c3ccccc3)CCCCC2)CC1,old+bde,0.0,-1.0,-1.0,1007
11,11:CC1CC1C(=O)NC1CCN(CC2(c3ccccc3)CCCCC2)CC1,new+bde,0.0,-1.0,-1.0,1007
11,11:CC1CC1C(=O)NCCC(=O)NCc1ccccc1OC1CCCC1,old+their,0.0,0.0,0.014345329254865646,598
11,11:CC1CC1C(=O)NCCC(=O)NCc1ccccc1OC1CCCC1,new+their,0.058823529411764705,0.0,0.014345329254865646,598
11,11:CC1CC1C(=O)NCCC(=O)NCc1ccccc1OC1CCCC1,old+bde,0.0,0.0,0.014345329254865646,598
11,11:CC1CC1C(=O)NCCC(=O)NCc1ccccc1OC1CCCC1,new+bde,0.058823529411764705,0.0,0.014345329254865646,598
11,11:CC1CC1C(O)=NC1CCN(CC2(c3ccccc3)CCCCC2)CC1,old+their,0.0,-1.0,-1.0,1007
11,11:CC1CC1C(O)=NC1CCN(CC2(c3ccccc3)CCCCC2)CC1,new+their,0.0,-1.0,-1.0,1007
11,11:CC1CC1C(O)=NC1CCN(CC2(c3ccccc3)CCCCC2)CC1,old+bde,0.0,-1.0,-1.0,1007
11,11:CC1CC1C(O)=NC1CCN(CC2(c3ccccc3)CCCCC2)CC1,new+bde,0.0,-1.0,-1.0,1007
11,11:CCC=CCC=CCC=CCC=CCC=CCC=CCCC(=O)OC(COC(=O)CCCCCCCCCCCCCCC)COP(=O)(O)OCC,old+their,1.0,0.0,0.0382549911737442,242
11,11:CCC=CCC=CCC=CCC=CCC=CCC=CCCC(=O)OC(COC(=O)CCCCCCCCCCCCCCC)COP(=O)(O)OCC,new+their,1.0,0.0,0.0382549911737442,242
11,11:CCC=CCC=CCC=CCC=CCC=CCC=CCCC(=O)OC(COC(=O)CCCCCCCCCCCCCCC)COP(=O)(O)OCC,old+bde,1.0,0.0,0.4974263906478882,242
11,11:CCC=CCC=CCC=CCC=CCC=CCC=CCCC(=O)OC(COC(=O)CCCCCCCCCCCCCCC)COP(=O)(O)OCC,new+bde,1.0,0.0,0.4974263906478882,242
11,11:CCC=CCC=CCC=CCCCCCCCCCC(=O)OCC(O)COP(=O)(O)OCCNC(=O)CCCCCCCCCCCCCCCCC,old+their,1.0,0.0,0.07922657579183578,244
11,11:CCC=CCC=CCC=CCCCCCCCCCC(=O)OCC(O)COP(=O)(O)OCCNC(=O)CCCCCCCCCCCCCCCCC,new+their,1.0,0.0,0.07922657579183578,244
11,11:CCC=CCC=CCC=CCCCCCCCCCC(=O)OCC(O)COP(=O)(O)OCCNC(=O)CCCCCCCCCCCCCCCCC,old+bde,1.0,0.0,0.31440624594688416,244
11,11:CCC=CCC=CCC=CCCCCCCCCCC(=O)OCC(O)COP(=O)(O)OCCNC(=O)CCCCCCCCCCCCCCCCC,new+bde,1.0,0.0,0.31440624594688416,244
11,11:CCCCCC=CCCCNCCP(=O)(O)O,old+their,1.0,0.0,0.7531874775886536,589
11,11:CCCCCC=CCCCNCCP(=O)(O)O,new+their,0.5,0.0,0.7531874775886536,589
11,11:CCCCCC=CCCCNCCP(=O)(O)O,old+bde,1.0,0.0,0.48768940567970276,589
11,11:CCCCCC=CCCCNCCP(=O)(O)O,new+bde,0.5,0.0,0.48768940567970276,589
11,11:CCCCCCCCC=CCCCCCCCCCC(=O)Nc1ccc(C(=O)O)cc1,old+their,1.0,0.0,0.38730350136756897,725
11,11:CCCCCCCCC=CCCCCCCCCCC(=O)Nc1ccc(C(=O)O)cc1,new+their,1.0,0.0,0.38730350136756897,725
11,11:CCCCCCCCC=CCCCCCCCCCC(=O)Nc1ccc(C(=O)O)cc1,old+bde,1.0,0.0,0.1522492915391922,725
11,11:CCCCCCCCC=CCCCCCCCCCC(=O)Nc1ccc(C(=O)O)cc1,new+bde,1.0,0.0,0.1522492915391922,725
11,11:CCCCCCCCCC=CCCC=CC(O)C(CO)NC(=O)CCCCCCCCCCCCCCCCCCCCC,old+their,1.0,0.0,0.15544015169143677,147
11,11:CCCCCCCCCC=CCCC=CC(O)C(CO)NC(=O)CCCCCCCCCCCCCCCCCCCCC,new+their,1.0,0.0,0.15544015169143677,147
11,11:CCCCCCCCCC=CCCC=CC(O)C(CO)NC(=O)CCCCCCCCCCCCCCCCCCCCC,old+bde,1.0,0.0,0.5718609094619751,147
11,11:CCCCCCCCCC=CCCC=CC(O)C(CO)NC(=O)CCCCCCCCCCCCCCCCCCCCC,new+bde,1.0,0.0,0.5718609094619751,147
11,11:CCCCCCCCCCC(=O)NCCCC(=O)O,old+their,1.0,0.0,0.7401954531669617,898
11,11:CCCCCCCCCCC(=O)NCCCC(=O)O,new+their,1.0,0.0,0.7401954531669617,898
11,11:CCCCCCCCCCC(=O)NCCCC(=O)O,old+bde,1.0,0.0,0.6462773084640503,898
11,11:CCCCCCCCCCC(=O)NCCCC(=O)O,new+bde,1.0,0.0,0.6462773084640503,898
11,11:CCCCCCCCCCCC(=O)NCCCCN,old+their,0.05555555555555555,0.0,0.0,940
11,11:CCCCCCCCCCCC(=O)NCCCCN,new+their,0.125,0.0,0.0,940
11,11:CCCCCCCCCCCC(=O)NCCCCN,old+bde,0.05555555555555555,0.0,0.0,940
11,11:CCCCCCCCCCCC(=O)NCCCCN,new+bde,0.125,0.0,0.0,940
11,11:CCCNC(=O)C(C)NC(=O)N(C)Cc1csc(C)n1,old+their,1.0,0.0,0.7103762626647949,504
11,11:CCCNC(=O)C(C)NC(=O)N(C)Cc1csc(C)n1,new+their,1.0,0.0,0.7103762626647949,504
11,11:CCCNC(=O)C(C)NC(=O)N(C)Cc1csc(C)n1,old+bde,1.0,0.0,0.5908262729644775,504
11,11:CCCNC(=O)C(C)NC(=O)N(C)Cc1csc(C)n1,new+bde,1.0,0.0,0.5908262729644775,504
11,11:CCc1c(C(=O)NC2CCOc3c(F)cccc32)cnn1-c1ccccc1,old+their,1.0,0.0,0.5171751379966736,460
11,11:CCc1c(C(=O)NC2CCOc3c(F)cccc32)cnn1-c1ccccc1,new+their,1.0,0.0,0.5171751379966736,460
11,11:CCc1c(C(=O)NC2CCOc3c(F)cccc32)cnn1-c1ccccc1,old+bde,1.0,0.0,0.3470511734485626,460
11,11:CCc1c(C(=O)NC2CCOc3c(F)cccc32)cnn1-c1ccccc1,new+bde,1.0,0.0,0.3470511734485626,460
11,11:CN(C)CCN(CC(=O)O)C(=O)C1CC(=O)N(c2ccccc2Cl)C1,old+their,0.5,0.0,0.5291463136672974,577
11,11:CN(C)CCN(CC(=O)O)C(=O)C1CC(=O)N(c2ccccc2Cl)C1,new+their,0.3333333333333333,0.0,0.5291463136672974,577
11,11:CN(C)CCN(CC(=O)O)C(=O)C1CC(=O)N(c2ccccc2Cl)C1,old+bde,0.5,0.0,0.5291463136672974,577
11,11:CN(C)CCN(CC(=O)O)C(=O)C1CC(=O)N(c2ccccc2Cl)C1,new+bde,0.5,0.0,0.5291463136672974,577
11,11:CNC(=O)CC1(O)CCCN(c2cnc(-c3ccccc3)cn2)C1,old+their,1.0,0.0,0.8316180109977722,913
11,11:CNC(=O)CC1(O)CCCN(c2cnc(-c3ccccc3)cn2)C1,new+their,0.5,0.0,0.8316180109977722,913
11,11:CNC(=O)CC1(O)CCCN(c2cnc(-c3ccccc3)cn2)C1,old+bde,1.0,0.0,0.8316180109977722,913
11,11:CNC(=O)CC1(O)CCCN(c2cnc(-c3ccccc3)cn2)C1,new+bde,0.5,0.0,0.8316180109977722,913
11,11:COC(=O)C(Cc1cccc(C(=N)N)c1)C(C)NC(=O)c1ccc(-c2cc[n+]([O-])cc2)cc1,old+their,1.0,0.0,0.0,497
11,11:COC(=O)C(Cc1cccc(C(=N)N)c1)C(C)NC(=O)c1ccc(-c2cc[n+]([O-])cc2)cc1,new+their,1.0,0.0,0.0,497
11,11:COC(=O)C(Cc1cccc(C(=N)N)c1)C(C)NC(=O)c1ccc(-c2cc[n+]([O-])cc2)cc1,old+bde,1.0,0.0,0.5520687699317932,497
11,11:COC(=O)C(Cc1cccc(C(=N)N)c1)C(C)NC(=O)c1ccc(-c2cc[n+]([O-])cc2)cc1,new+bde,1.0,0.0,0.5520687699317932,497
11,11:COC(Cc1ccc(OCCc2nc(-c3ccccc3)oc2C)c2ccsc12)C(=O)O,old+their,1.0,0.0,0.7959147095680237,441
11,11:COC(Cc1ccc(OCCc2nc(-c3ccccc3)oc2C)c2ccsc12)C(=O)O,new+their,1.0,0.0,0.7959147095680237,441
11,11:COC(Cc1ccc(OCCc2nc(-c3ccccc3)oc2C)c2ccsc12)C(=O)O,old+bde,1.0,0.0,0.4418962895870209,441
11,11:COC(Cc1ccc(OCCc2nc(-c3ccccc3)oc2C)c2ccsc12)C(=O)O,new+bde,1.0,0.0,0.4418962895870209,441
11,11:COCC(O)CN(C)c1ccc(-n2ccc(C)n2)nn1,old+their,0.045454545454545456,0.0,0.03850097581744194,578
11,11:COCC(O)CN(C)c1ccc(-n2ccc(C)n2)nn1,new+their,0.0,0.0,0.03850097581744194,578
11,11:COCC(O)CN(C)c1ccc(-n2ccc(C)n2)nn1,old+bde,0.1,0.0,0.0,578
11,11:COCC(O)CN(C)c1ccc(-n2ccc(C)n2)nn1,new+bde,0.0,0.0,0.0,578
11,11:COc1cc(F)c(S(=O)(=O)Nc2ccc(F)cc2C(=O)O)cc1OC,old+their,1.0,0.0,0.1502627730369568,584
11,11:COc1cc(F)c(S(=O)(=O)Nc2ccc(F)cc2C(=O)O)cc1OC,new+their,1.0,0.0,0.1502627730369568,584
11,11:COc1cc(F)c(S(=O)(=O)Nc2ccc(F)cc2C(=O)O)cc1OC,old+bde,1.0,0.0,0.14730402827262878,584
11,11:COc1cc(F)c(S(=O)(=O)Nc2ccc(F)cc2C(=O)O)cc1OC,new+bde,1.0,0.0,0.14730402827262878,584
11,11:COc1ccc(-c2ccnc(N3CCCC(C4CCNC4)C3)n2)cc1,old+their,1.0,0.0,0.5195265412330627,529
11,11:COc1ccc(-c2ccnc(N3CCCC(C4CCNC4)C3)n2)cc1,new+their,1.0,0.0,0.5195265412330627,529
11,11:COc1ccc(-c2ccnc(N3CCCC(C4CCNC4)C3)n2)cc1,old+bde,1.0,0.0,0.2769192159175873,529
11,11:COc1ccc(-c2ccnc(N3CCCC(C4CCNC4)C3)n2)cc1,new+bde,1.0,0.0,0.2769192159175873,529
11,11:COc1ccc(CN(C)C2CCN(C)CC2)cc1Br,old+their,1.0,0.0,0.46534860134124756,792
11,11:COc1ccc(CN(C)C2CCN(C)CC2)cc1Br,new+their,1.0,0.0,0.46534860134124756,792
11,11:COc1ccc(CN(C)C2CCN(C)CC2)cc1Br,old+bde,1.0,0.0,0.28447699546813965,792
11,11:COc1ccc(CN(C)C2CCN(C)CC2)cc1Br,new+bde,1.0,0.0,0.28447699546813965,792
11,11:COc1ccc(OC)c(CNc2nnc(-c3ccoc3C)o2)c1,old+their,0.5,0.0,0.5628560185432434,521
11,11:COc1ccc(OC)c(CNc2nnc(-c3ccoc3C)o2)c1,new+their,1.0,0.0,0.5628560185432434,521
11,11:COc1ccc(OC)c(CNc2nnc(-c3ccoc3C)o2)c1,old+bde,0.3333333333333333,0.0,0.41874104738235474,521
11,11:COc1ccc(OC)c(CNc2nnc(-c3ccoc3C)o2)c1,new+bde,0.5,0.0,0.41874104738235474,521
11,11:COc1ccc2c(c1)CN(C(=O)c1n[nH]nc1C)C(c1ccccc1)C2,old+their,0.058823529411764705,0.0,0.0,763
11,11:COc1ccc2c(c1)CN(C(=O)c1n[nH]nc1C)C(c1ccccc1)C2,new+their,0.0625,0.0,0.0,763
11,11:COc1ccc2c(c1)CN(C(=O)c1n[nH]nc1C)C(c1ccccc1)C2,old+bde,0.058823529411764705,0.0,0.0,763
11,11:COc1ccc2c(c1)CN(C(=O)c1n[nH]nc1C)C(c1ccccc1)C2,new+bde,0.0625,0.0,0.0,763
11,11:CS(=O)(=O)C1CCN(c2nc(-c3cccnc3)nc3c2CCC3)C1,old+their,0.0,0.0,0.04466398432850838,623
11,11:CS(=O)(=O)C1CCN(c2nc(-c3cccnc3)nc3c2CCC3)C1,new+their,0.0,0.0,0.04466398432850838,623
11,11:CS(=O)(=O)C1CCN(c2nc(-c3cccnc3)nc3c2CCC3)C1,old+bde,0.0,0.0,0.04466398432850838,623
11,11:CS(=O)(=O)C1CCN(c2nc(-c3cccnc3)nc3c2CCC3)C1,new+bde,0.0,0.0,0.04466398432850838,623
11,11:CS(=O)(=O)c1ccc(-c2nc(CN3CCCC3CO)cs2)cc1,old+their,0.25,0.0,0.44521334767341614,501
11,11:CS(=O)(=O)c1ccc(-c2nc(CN3CCCC3CO)cs2)cc1,new+their,0.0625,0.0,0.44521334767341614,501
11,11:CS(=O)(=O)c1ccc(-c2nc(CN3CCCC3CO)cs2)cc1,old+bde,0.16666666666666666,0.0,0.41300326585769653,501
11,11:CS(=O)(=O)c1ccc(-c2nc(CN3CCCC3CO)cs2)cc1,new+bde,0.0625,0.0,0.41300326585769653,501
11,11:Cc1c(C(=O)N(CC(=O)O)C2CCOCC2)nnn1-c1ccc(F)c(Cl)c1,old+their,1.0,0.0,0.46437838673591614,706
11,11:Cc1c(C(=O)N(CC(=O)O)C2CCOCC2)nnn1-c1ccc(F)c(Cl)c1,new+their,0.1111111111111111,0.0,0.46437838673591614,706
11,11:Cc1c(C(=O)N(CC(=O)O)C2CCOCC2)nnn1-c1ccc(F)c(Cl)c1,old+bde,1.0,0.0,0.409109503030777,706
11,11:Cc1c(C(=O)N(CC(=O)O)C2CCOCC2)nnn1-c1ccc(F)c(Cl)c1,new+bde,0.1111111111111111,0.0,0.409109503030777,706
11,11:Cc1c(C(=O)N2CCC(C3OCCCC3N)CC2)nnn1-c1ccc(F)c(F)c1,old+their,0.16666666666666666,0.0,0.6974225640296936,764
11,11:Cc1c(C(=O)N2CCC(C3OCCCC3N)CC2)nnn1-c1ccc(F)c(F)c1,new+their,0.1111111111111111,0.0,0.6974225640296936,764
11,11:Cc1c(C(=O)N2CCC(C3OCCCC3N)CC2)nnn1-c1ccc(F)c(F)c1,old+bde,0.2,0.0,0.5568505525588989,764
11,11:Cc1c(C(=O)N2CCC(C3OCCCC3N)CC2)nnn1-c1ccc(F)c(F)c1,new+bde,0.1111111111111111,0.0,0.5568505525588989,764
11,11:Cc1cc(NC(=O)CN2CCCC2Cn2nc(C)cc2C)on1,old+their,1.0,0.0,0.6616979837417603,479
11,11:Cc1cc(NC(=O)CN2CCCC2Cn2nc(C)cc2C)on1,new+their,1.0,0.0,0.6616979837417603,479
11,11:Cc1cc(NC(=O)CN2CCCC2Cn2nc(C)cc2C)on1,old+bde,1.0,0.0,0.47969678044319153,479
11,11:Cc1cc(NC(=O)CN2CCCC2Cn2nc(C)cc2C)on1,new+bde,1.0,0.0,0.47969678044319153,479
11,11:Cc1ccc(C(=O)NCc2cncc(-c3cccs3)c2)s1,old+their,0.5,0.0,0.4243153929710388,584
11,11:Cc1ccc(C(=O)NCc2cncc(-c3cccs3)c2)s1,new+their,0.09090909090909091,0.0,0.4243153929710388,584
11,11:Cc1ccc(C(=O)NCc2cncc(-c3cccs3)c2)s1,old+bde,0.3333333333333333,0.0,0.06478337943553925,584
11,11:Cc1ccc(C(=O)NCc2cncc(-c3cccs3)c2)s1,new+bde,0.07142857142857142,0.0,0.06478337943553925,584
11,11:Cc1ccc(N2CCC(NC(=O)NC3CCCC3)C2=O)cc1C,old+their,0.0,0.0,0.0,630
11,11:Cc1ccc(N2CCC(NC(=O)NC3CCCC3)C2=O)cc1C,new+their,0.0,0.0,0.0,630
11,11:Cc1ccc(N2CCC(NC(=O)NC3CCCC3)C2=O)cc1C,old+bde,0.0,0.0,0.0,630
11,11:Cc1ccc(N2CCC(NC(=O)NC3CCCC3)C2=O)cc1C,new+bde,0.0,0.0,0.0,630
11,11:Cc1ccc(S(=O)(=O)CC(C)NC(=O)c2ccncc2F)cc1,old+their,0.08333333333333333,0.0,0.13680726289749146,543
11,11:Cc1ccc(S(=O)(=O)CC(C)NC(=O)c2ccncc2F)cc1,new+their,0.045454545454545456,0.0,0.13680726289749146,543
11,11:Cc1ccc(S(=O)(=O)CC(C)NC(=O)c2ccncc2F)cc1,old+bde,0.0625,0.0,0.1014784723520279,543
11,11:Cc1ccc(S(=O)(=O)CC(C)NC(=O)c2ccncc2F)cc1,new+bde,0.043478260869565216,0.0,0.1014784723520279,543
11,11:Cc1ccccc1CNc1ncnc2c1ncn2C1CC1,old+their,1.0,0.0,0.7365548610687256,621
11,11:Cc1ccccc1CNc1ncnc2c1ncn2C1CC1,new+their,1.0,0.0,0.7365548610687256,621
11,11:Cc1ccccc1CNc1ncnc2c1ncn2C1CC1,old+bde,1.0,0.0,0.6264888644218445,621
11,11:Cc1ccccc1CNc1ncnc2c1ncn2C1CC1,new+bde,1.0,0.0,0.6264888644218445,621
11,11:Cc1nc(-c2ccccc2)oc1C(=O)N1CCN(c2ccc(O)cc2)CC1,old+their,1.0,0.0,0.7396982312202454,516
11,11:Cc1nc(-c2ccccc2)oc1C(=O)N1CCN(c2ccc(O)cc2)CC1,new+their,1.0,0.0,0.7396982312202454,516
11,11:Cc1nc(-c2ccccc2)oc1C(=O)N1CCN(c2ccc(O)cc2)CC1,old+bde,1.0,0.0,0.4146607518196106,516
11,11:Cc1nc(-c2ccccc2)oc1C(=O)N1CCN(c2ccc(O)cc2)CC1,new+bde,1.0,0.0,0.4146607518196106,516
11,11:Cc1nccc(CNC(=O)C2CC(=O)N(C(C)c3ccccc3)C2)n1,old+their,0.2,0.0,0.7675134539604187,705
11,11:Cc1nccc(CNC(=O)C2CC(=O)N(C(C)c3ccccc3)C2)n1,new+their,0.125,0.0,0.7675134539604187,705
11,11:Cc1nccc(CNC(=O)C2CC(=O)N(C(C)c3ccccc3)C2)n1,old+bde,0.2,0.0,0.7078605890274048,705
11,11:Cc1nccc(CNC(=O)C2CC(=O)N(C(C)c3ccccc3)C2)n1,new+bde,0.125,0.0,0.7078605890274048,705
11,11:Cn1cc(C(O)CNC(=O)c2cccc(Cl)c2)c2ccccc21,old+their,1.0,0.0,0.753122091293335,706
11,11:Cn1cc(C(O)CNC(=O)c2cccc(Cl)c2)c2ccccc21,new+their,0.5,0.0,0.753122091293335,706
11,11:Cn1cc(C(O)CNC(=O)c2cccc(Cl)c2)c2ccccc21,old+bde,0.5,0.0,0.3459780514240265,706
11,11:Cn1cc(C(O)CNC(=O)c2cccc(Cl)c2)c2ccccc21,new+bde,0.5,0.0,0.3459780514240265,706
11,11:Cn1cc(Cl)cc1C(=O)N1CCCC(C(=O)N2CCOCC2)C1,old+their,0.0,0.0,0.0,448
11,11:Cn1cc(Cl)cc1C(=O)N1CCCC(C(=O)N2CCOCC2)C1,new+their,0.07692307692307693,0.0,0.0,448
11,11:Cn1cc(Cl)cc1C(=O)N1CCCC(C(=O)N2CCOCC2)C1,old+bde,0.0,0.0,0.0,448
11,11:Cn1cc(Cl)cc1C(=O)N1CCCC(C(=O)N2CCOCC2)C1,new+bde,0.07692307692307693,0.0,0.0,448
11,11:Cn1cnc2cc(C(=O)N(Cc3ccc(Cl)c(Cl)c3)C3CC3)cnc21,old+their,1.0,0.0,0.4102349877357483,603
11,11:Cn1cnc2cc(C(=O)N(Cc3ccc(Cl)c(Cl)c3)C3CC3)cnc21,new+their,1.0,0.0,0.4102349877357483,603
11,11:Cn1cnc2cc(C(=O)N(Cc3ccc(Cl)c(Cl)c3)C3CC3)cnc21,old+bde,1.0,0.0,0.2880898416042328,603
11,11:Cn1cnc2cc(C(=O)N(Cc3ccc(Cl)c(Cl)c3)C3CC3)cnc21,new+bde,1.0,0.0,0.2880898416042328,603
11,11:N#Cc1ccc(NC(=O)CCN2CCCC2C(O)C(F)(F)F)cc1,old+their,1.0,0.0,0.9368811249732971,621
11,11:N#Cc1ccc(NC(=O)CCN2CCCC2C(O)C(F)(F)F)cc1,new+their,1.0,0.0,0.9368811249732971,621
11,11:N#Cc1ccc(NC(=O)CCN2CCCC2C(O)C(F)(F)F)cc1,old+bde,1.0,0.0,0.9368811249732971,621
11,11:N#Cc1ccc(NC(=O)CCN2CCCC2C(O)C(F)(F)F)cc1,new+bde,1.0,0.0,0.9368811249732971,621
11,11:NCC1CN(C(=O)c2ccc(C(F)(F)F)nc2)CCCO1,old+their,0.5,0.0,0.5913382172584534,605
11,11:NCC1CN(C(=O)c2ccc(C(F)(F)F)nc2)CCCO1,new+their,0.5,0.0,0.5913382172584534,605
11,11:NCC1CN(C(=O)c2ccc(C(F)(F)F)nc2)CCCO1,old+bde,1.0,0.0,0.39578646421432495,605
11,11:NCC1CN(C(=O)c2ccc(C(F)(F)F)nc2)CCCO1,new+bde,0.5,0.0,0.39578646421432495,605
11,11:O=C(C1CCCN1C(=O)Cc1ccccc1)N1CCN(c2ncc(F)cn2)CC1,old+their,1.0,0.0,0.4300065338611603,608
11,11:O=C(C1CCCN1C(=O)Cc1ccccc1)N1CCN(c2ncc(F)cn2)CC1,new+their,1.0,0.0,0.4300065338611603,608
11,11:O=C(C1CCCN1C(=O)Cc1ccccc1)N1CCN(c2ncc(F)cn2)CC1,old+bde,1.0,0.0,0.3394332826137543,608
11,11:O=C(C1CCCN1C(=O)Cc1ccccc1)N1CCN(c2ncc(F)cn2)CC1,new+bde,1.0,0.0,0.3394332826137543,608
11,11:O=C(CNC(=O)c1ccco1)NC1(c2ccc(F)cc2)CCC1,old+their,0.047619047619047616,0.0,0.2904357314109802,535
11,11:O=C(CNC(=O)c1ccco1)NC1(c2ccc(F)cc2)CCC1,new+their,0.5,0.0,0.2904357314109802,535
11,11:O=C(CNC(=O)c1ccco1)NC1(c2ccc(F)cc2)CCC1,old+bde,0.043478260869565216,0.0,0.21303926408290863,535
11,11:O=C(CNC(=O)c1ccco1)NC1(c2ccc(F)cc2)CCC1,new+bde,0.5,0.0,0.21303926408290863,535
11,11:O=C(CSc1ccc(F)cc1)Nc1ncccc1O,old+their,1.0,0.0,0.7045965194702148,685
11,11:O=C(CSc1ccc(F)cc1)Nc1ncccc1O,new+their,1.0,0.0,0.7045965194702148,685
11,11:O=C(CSc1ccc(F)cc1)Nc1ncccc1O,old+bde,1.0,0.0,0.6091439723968506,685
11,11:O=C(CSc1ccc(F)cc1)Nc1ncccc1O,new+bde,1.0,0.0,0.6091439723968506,685
11,11:O=C(N1CCSCC1)N1CCC(N2CCCS2(=O)=O)C1,old+their,1.0,0.0,0.37525641918182373,543
11,11:O=C(N1CCSCC1)N1CCC(N2CCCS2(=O)=O)C1,new+their,1.0,0.0,0.37525641918182373,543
11,11:O=C(N1CCSCC1)N1CCC(N2CCCS2(=O)=O)C1,old+bde,1.0,0.0,0.2841150164604187,543
11,11:O=C(N1CCSCC1)N1CCC(N2CCCS2(=O)=O)C1,new+bde,1.0,0.0,0.2841150164604187,543
11,11:O=C(NCC1CCN1Cc1cc(F)ccc1F)c1n[nH]c2c1CCC2,old+their,0.0,0.0,0.0,1474
11,11:O=C(NCC1CCN1Cc1cc(F)ccc1F)c1n[nH]c2c1CCC2,new+their,0.0,0.0,0.0,1474
11,11:O=C(NCC1CCN1Cc1cc(F)ccc1F)c1n[nH]c2c1CCC2,old+bde,0.0,0.0,0.0,1474
11,11:O=C(NCC1CCN1Cc1cc(F)ccc1F)c1n[nH]c2c1CCC2,new+bde,0.0,0.0,0.0,1474
11,11:O=C(NCCc1cccc(Cl)c1)NCC1CNCCO1,old+their,0.0,0.0,0.02528187446296215,474
11,11:O=C(NCCc1cccc(Cl)c1)NCC1CNCCO1,new+their,0.0,0.0,0.02528187446296215,474
11,11:O=C(NCCc1cccc(Cl)c1)NCC1CNCCO1,old+bde,0.0,0.0,0.02528187446296215,474
11,11:O=C(NCCc1cccc(Cl)c1)NCC1CNCCO1,new+bde,0.0,0.0,0.02528187446296215,474
11,11:O=C(O)C1(NCC(O)C(O)CO)CCCC1,old+their,1.0,0.0,0.6985187530517578,370
11,11:O=C(O)C1(NCC(O)C(O)CO)CCCC1,new+their,0.5,0.0,0.6985187530517578,370
11,11:O=C(O)C1(NCC(O)C(O)CO)CCCC1,old+bde,1.0,0.0,0.6527401208877563,370
11,11:O=C(O)C1(NCC(O)C(O)CO)CCCC1,new+bde,0.5,0.0,0.6527401208877563,370
11,11:O=C(O)C1CC2CCC1N2S(=O)(=O)c1csc2ccccc12,old+their,0.0,0.0,0.04722076654434204,793
11,11:O=C(O)C1CC2CCC1N2S(=O)(=O)c1csc2ccccc12,new+their,0.0,0.0,0.04722076654434204,793
11,11:O=C(O)C1CC2CCC1N2S(=O)(=O)c1csc2ccccc12,old+bde,0.0,0.0,0.04722076654434204,793
11,11:O=C(O)C1CC2CCC1N2S(=O)(=O)c1csc2ccccc12,new+bde,0.0,0.0,0.04722076654434204,793
11,11:O=S(=O)(NCc1cccc2cccnc12)c1ccc2ccccc2c1,old+their,0.0,0.0,0.025774933397769928,594
11,11:O=S(=O)(NCc1cccc2cccnc12)c1ccc2ccccc2c1,new+their,0.0,0.0,0.025774933397769928,594
11,11:O=S(=O)(NCc1cccc2cccnc12)c1ccc2ccccc2c1,old+bde,0.0,0.0,0.0,594
11,11:O=S(=O)(NCc1cccc2cccnc12)c1ccc2ccccc2c1,new+bde,0.0,0.0,0.0,594
11,11:c1ccc(CCNCCc2c[nH]c3ccccc23)cc1,old+their,0.5,0.0,0.7421287298202515,492
11,11:c1ccc(CCNCCc2c[nH]c3ccccc23)cc1,new+their,0.3333333333333333,0.0,0.7421287298202515,492
11,11:c1ccc(CCNCCc2c[nH]c3ccccc23)cc1,old+bde,0.5,0.0,0.6302441954612732,492
11,11:c1ccc(CCNCCc2c[nH]c3ccccc23)cc1,new+bde,0.3333333333333333,0.0,0.6302441954612732,492
12,12:C=CC(=O)N1CCC(=Cc2ccc(F)c([N+](=O)[O-])c2)C(=O)C(=Cc2ccc(F)c([N+](=O)[O-])c2)C1,old+their,1.0,0.0,0.023950926959514618,400
12,12:C=CC(=O)N1CCC(=Cc2ccc(F)c([N+](=O)[O-])c2)C(=O)C(=Cc2ccc(F)c([N+](=O)[O-])c2)C1,new+their,1.0,0.0,0.023950926959514618,400
12,12:C=CC(=O)N1CCC(=Cc2ccc(F)c([N+](=O)[O-])c2)C(=O)C(=Cc2ccc(F)c([N+](=O)[O-])c2)C1,old+bde,1.0,0.0,0.3355470597743988,400
12,12:C=CC(=O)N1CCC(=Cc2ccc(F)c([N+](=O)[O-])c2)C(=O)C(=Cc2ccc(F)c([N+](=O)[O-])c2)C1,new+bde,1.0,0.0,0.3355470597743988,400
12,12:CC(=O)OCC(C)C1=C(O)C(=O)C2(C)CC=C(C)CCC=C(C)CCC(O)C(C)=CCC12,old+their,0.5,0.0,0.19531592726707458,481
12,12:CC(=O)OCC(C)C1=C(O)C(=O)C2(C)CC=C(C)CCC=C(C)CCC(O)C(C)=CCC12,new+their,0.14285714285714285,0.0,0.19531592726707458,481
12,12:CC(=O)OCC(C)C1=C(O)C(=O)C2(C)CC=C(C)CCC=C(C)CCC(O)C(C)=CCC12,old+bde,0.5,0.0,0.057995107024908066,481
12,12:CC(=O)OCC(C)C1=C(O)C(=O)C2(C)CC=C(C)CCC=C(C)CCC(O)C(C)=CCC12,new+bde,0.2,0.0,0.057995107024908066,481
12,12:CC(C)(CNC(=O)Nc1nnc(C2CCCO2)s1)c1ccc(Cl)c(Cl)c1,old+their,1.0,0.0,0.5287207961082458,658
12,12:CC(C)(CNC(=O)Nc1nnc(C2CCCO2)s1)c1ccc(Cl)c(Cl)c1,new+their,1.0,0.0,0.5287207961082458,658
12,12:CC(C)(CNC(=O)Nc1nnc(C2CCCO2)s1)c1ccc(Cl)c(Cl)c1,old+bde,1.0,0.0,0.5085362792015076,658
12,12:CC(C)(CNC(=O)Nc1nnc(C2CCCO2)s1)c1ccc(Cl)c(Cl)c1,new+bde,1.0,0.0,0.5085362792015076,658
12,12:CC(C)C(Nc1nc(C2CC2)ns1)C(=O)N1CCOCC1,old+their,1.0,0.0,0.41431209444999695,474
12,12:CC(C)C(Nc1nc(C2CC2)ns1)C(=O)N1CCOCC1,new+their,1.0,0.0,0.41431209444999695,474
12,12:CC(C)C(Nc1nc(C2CC2)ns1)C(=O)N1CCOCC1,old+bde,1.0,0.0,0.1967330127954483,474
12,12:CC(C)C(Nc1nc(C2CC2)ns1)C(=O)N1CCOCC1,new+bde,1.0,0.0,0.1967330127954483,474
12,12:CC(C)CC(NCCCC(C)C1CCC2C3C(O)CC4CC(O)CCC4(C)C3CC(O)C12C)C(=O)O,old+their,0.5,0.0,0.037270039319992065,358
12,12:CC(C)CC(NCCCC(C)C1CCC2C3C(O)CC4CC(O)CCC4(C)C3CC(O)C12C)C(=O)O,new+their,0.3333333333333333,0.0,0.037270039319992065,358
12,12:CC(C)CC(NCCCC(C)C1CCC2C3C(O)CC4CC(O)CCC4(C)C3CC(O)C12C)C(=O)O,old+bde,0.5,0.0,0.16849680244922638,358
12,12:CC(C)CC(NCCCC(C)C1CCC2C3C(O)CC4CC(O)CCC4(C)C3CC(O)C12C)C(=O)O,new+bde,0.3333333333333333,0.0,0.16849680244922638,358
12,12:CC(NC(=O)C1CCCN(C)C1=O)c1ccc(-c2ccncc2)cc1,old+their,1.0,0.0,0.5527883172035217,516
12,12:CC(NC(=O)C1CCCN(C)C1=O)c1ccc(-c2ccncc2)cc1,new+their,1.0,0.0,0.5527883172035217,516
12,12:CC(NC(=O)C1CCCN(C)C1=O)c1ccc(-c2ccncc2)cc1,old+bde,1.0,0.0,0.434109091758728,516
12,12:CC(NC(=O)C1CCCN(C)C1=O)c1ccc(-c2ccncc2)cc1,new+bde,1.0,0.0,0.434109091758728,516
12,12:CC1=C(C(=O)O)N2C(=O)C(N=C(O)C(N)C3=CCC=CC3)C2SC1,old+their,0.5,0.0,0.4719235897064209,431
12,12:CC1=C(C(=O)O)N2C(=O)C(N=C(O)C(N)C3=CCC=CC3)C2SC1,new+their,0.2,0.0,0.4719235897064209,431
12,12:CC1=C(C(=O)O)N2C(=O)C(N=C(O)C(N)C3=CCC=CC3)C2SC1,old+bde,0.5,0.0,0.1309581995010376,431
12,12:CC1=C(C(=O)O)N2C(=O)C(N=C(O)C(N)C3=CCC=CC3)C2SC1,new+bde,0.25,0.0,0.1309581995010376,431
12,12:CC1CN(Cc2nnc(-c3ccc(Cl)cc3)o2)CCO1,old+their,0.5,0.0,0.3897070586681366,543
12,12:CC1CN(Cc2nnc(-c3ccc(Cl)cc3)o2)CCO1,new+their,1.0,0.0,0.3897070586681366,543
12,12:CC1CN(Cc2nnc(-c3ccc(Cl)cc3)o2)CCO1,old+bde,1.0,0.0,0.2921019494533539,543
12,12:CC1CN(Cc2nnc(-c3ccc(Cl)cc3)o2)CCO1,new+bde,1.0,0.0,0.2921019494533539,543
12,12:CC1CN(c2ccc(NC(=O)C3Cc4cc(Cl)ccc4O3)cn2)CC(C)O1,old+their,1.0,0.0,0.2882848381996155,498
12,12:CC1CN(c2ccc(NC(=O)C3Cc4cc(Cl)ccc4O3)cn2)CC(C)O1,new+their,1.0,0.0,0.2882848381996155,498
12,12:CC1CN(c2ccc(NC(=O)C3Cc4cc(Cl)ccc4O3)cn2)CC(C)O1,old+bde,1.0,0.0,0.183615580201149,498
12,12:CC1CN(c2ccc(NC(=O)C3Cc4cc(Cl)ccc4O3)cn2)CC(C)O1,new+bde,1.0,0.0,0.183615580201149,498
12,12:CCC(C)(C)C1CCC2(CC1)CC2C(=O)N1CCCN(S(C)(=O)=O)CC1,old+their,0.09090909090909091,0.0,0.03432800620794296,502
12,12:CCC(C)(C)C1CCC2(CC1)CC2C(=O)N1CCCN(S(C)(=O)=O)CC1,new+their,0.0,0.0,0.03432800620794296,502
12,12:CCC(C)(C)C1CCC2(CC1)CC2C(=O)N1CCCN(S(C)(=O)=O)CC1,old+bde,0.07142857142857142,0.0,0.030064072459936142,502
12,12:CCC(C)(C)C1CCC2(CC1)CC2C(=O)N1CCCN(S(C)(=O)=O)CC1,new+bde,0.0,0.0,0.030064072459936142,502
12,12:CCC(C)C=C(C)C=CC1=CC2=C(Cl)C(=O)C(C)(OC(C)=O)C(=O)C2=CN1CCO,old+their,1.0,0.0,0.21500107645988464,472
12,12:CCC(C)C=C(C)C=CC1=CC2=C(Cl)C(=O)C(C)(OC(C)=O)C(=O)C2=CN1CCO,new+their,0.5,0.0,0.21500107645988464,472
12,12:CCC(C)C=C(C)C=CC1=CC2=C(Cl)C(=O)C(C)(OC(C)=O)C(=O)C2=CN1CCO,old+bde,1.0,0.0,0.21500107645988464,472
12,12:CCC(C)C=C(C)C=CC1=CC2=C(Cl)C(=O)C(C)(OC(C)=O)C(=O)C2=CN1CCO,new+bde,0.5,0.0,0.21500107645988464,472
12,12:CCC=CCC=CCC=CCCCCCCCCCC(=O)OC(COC(=O)CCCCCCCC=CCCCCCCCC)COP(=O)(O)OCC(N)C(=O)O,old+their,0.1111111111111111,0.0,0.0810825303196907,252
12,12:CCC=CCC=CCC=CCCCCCCCCCC(=O)OC(COC(=O)CCCCCCCC=CCCCCCCCC)COP(=O)(O)OCC(N)C(=O)O,new+their,0.125,0.0,0.0810825303196907,252
12,12:CCC=CCC=CCC=CCCCCCCCCCC(=O)OC(COC(=O)CCCCCCCC=CCCCCCCCC)COP(=O)(O)OCC(N)C(=O)O,old+bde,0.08333333333333333,0.0,0.24190610647201538,252
12,12:CCC=CCC=CCC=CCCCCCCCCCC(=O)OC(COC(=O)CCCCCCCC=CCCCCCCCC)COP(=O)(O)OCC(N)C(=O)O,new+bde,0.125,0.0,0.24190610647201538,252
12,12:CCCCCC=CCC=CCC=CCC=CCCCC(=O)OCC(COC(=O)CCCCCCCCCCCCCCC)OC(=O)CCCC=CCC=CCC=CCC=CCCCCC,old+their,0.0,0.0,0.0,299
12,12:CCCCCC=CCC=CCC=CCC=CCCCC(=O)OCC(COC(=O)CCCCCCCCCCCCCCC)OC(=O)CCCC=CCC=CCC=CCC=CCCCCC,new+their,0.1,0.0,0.0,299
12,12:CCCCCC=CCC=CCC=CCC=CCCCC(=O)OCC(COC(=O)CCCCCCCCCCCCCCC)OC(=O)CCCC=CCC=CCC=CCC=CCCCCC,old+bde,0.0,0.0,0.02793966419994831,299
12,12:CCCCCC=CCC=CCC=CCC=CCCCC(=O)OCC(COC(=O)CCCCCCCCCCCCCCC)OC(=O)CCCC=CCC=CCC=CCC=CCCCCC,new+bde,0.2,0.0,0.02793966419994831,299
12,12:CCCCCC=CCC=CCCCCCCCC(=O)OCC(O)COP(=O)(O)OCCNC(=O)CCCCCCCCCCCCCCCCC,old+their,0.2,0.0,0.08451491594314575,218
12,12:CCCCCC=CCC=CCCCCCCCC(=O)OCC(O)COP(=O)(O)OCCNC(=O)CCCCCCCCCCCCCCCCC,new+their,1.0,0.0,0.08451491594314575,218
12,12:CCCCCC=CCC=CCCCCCCCC(=O)OCC(O)COP(=O)(O)OCCNC(=O)CCCCCCCCCCCCCCCCC,old+bde,0.5,0.0,0.3012235164642334,218
12,12:CCCCCC=CCC=CCCCCCCCC(=O)OCC(O)COP(=O)(O)OCCNC(=O)CCCCCCCCCCCCCCCCC,new+bde,1.0,0.0,0.3012235164642334,218
12,12:CCCCCCCCCC=CCCCCCCCC(=O)O,old+their,0.0,-1.0,-1.0,1245
12,12:CCCCCCCCCC=CCCCCCCCC(=O)O,new+their,0.0,-1.0,-1.0,1245
12,12:CCCCCCCCCC=CCCCCCCCC(=O)O,old+bde,0.0,-1.0,-1.0,1245
12,12:CCCCCCCCCC=CCCCCCCCC(=O)O,new+bde,0.0,-1.0,-1.0,1245
12,12:CCCCCCCCCCCCCCCCCC(=O)OC(COC(=O)CCCCCCCCCCCCCC)COP(=O)(O)OCCN,old+their,0.5,0.0,0.0,174
12,12:CCCCCCCCCCCCCCCCCC(=O)OC(COC(=O)CCCCCCCCCCCCCC)COP(=O)(O)OCCN,new+their,1.0,0.0,0.0,174
12,12:CCCCCCCCCCCCCCCCCC(=O)OC(COC(=O)CCCCCCCCCCCCCC)COP(=O)(O)OCCN,old+bde,0.5,0.0,0.02376568876206875,174
12,12:CCCCCCCCCCCCCCCCCC(=O)OC(COC(=O)CCCCCCCCCCCCCC)COP(=O)(O)OCCN,new+bde,1.0,0.0,0.02376568876206875,174
12,12:CCCCOc1ccc(NC(=O)NCC2CCN(C)CC2)cc1,old+their,1.0,0.0,0.27333587408065796,543
12,12:CCCCOc1ccc(NC(=O)NCC2CCN(C)CC2)cc1,new+their,1.0,0.0,0.27333587408065796,543
12,12:CCCCOc1ccc(NC(=O)NCC2CCN(C)CC2)cc1,old+bde,1.0,0.0,0.27333587408065796,543
12,12:CCCCOc1ccc(NC(=O)NCC2CCN(C)CC2)cc1,new+bde,1.0,0.0,0.27333587408065796,543
12,12:CCOC(=O)c1[nH]c2cc(Cl)ccc2c1C(C(=O)NC(C)(C)C)N(C=O)Cc1ccc(Cl)cc1,old+their,1.0,0.0,0.0,356
12,12:CCOC(=O)c1[nH]c2cc(Cl)ccc2c1C(C(=O)NC(C)(C)C)N(C=O)Cc1ccc(Cl)cc1,new+their,1.0,0.0,0.0,356
12,12:CCOC(=O)c1[nH]c2cc(Cl)ccc2c1C(C(=O)NC(C)(C)C)N(C=O)Cc1ccc(Cl)cc1,old+bde,1.0,0.0,0.2231423407793045,356
12,12:CCOC(=O)c1[nH]c2cc(Cl)ccc2c1C(C(=O)NC(C)(C)C)N(C=O)Cc1ccc(Cl)cc1,new+bde,1.0,0.0,0.2231423407793045,356
12,12:CCc1n[nH]c(C(=O)N2CCC(O)(C3CC3)C2)c1Br,old+their,1.0,0.0,0.4657105803489685,833
12,12:CCc1n[nH]c(C(=O)N2CCC(O)(C3CC3)C2)c1Br,new+their,1.0,0.0,0.4657105803489685,833
12,12:CCc1n[nH]c(C(=O)N2CCC(O)(C3CC3)C2)c1Br,old+bde,1.0,0.0,0.34649109840393066,833
12,12:CCc1n[nH]c(C(=O)N2CCC(O)(C3CC3)C2)c1Br,new+bde,1.0,0.0,0.34649109840393066,833
12,12:CN1CC2CN(C(=O)NCc3cc(OCC(F)F)ccn3)CC2C1,old+their,1.0,0.0,0.7118973135948181,829
12,12:CN1CC2CN(C(=O)NCc3cc(OCC(F)F)ccn3)CC2C1,new+their,0.1,0.0,0.7118973135948181,829
12,12:CN1CC2CN(C(=O)NCc3cc(OCC(F)F)ccn3)CC2C1,old+bde,1.0,0.0,0.7118973135948181,829
12,12:CN1CC2CN(C(=O)NCc3cc(OCC(F)F)ccn3)CC2C1,new+bde,0.125,0.0,0.7118973135948181,829
12,12:COc1cc(C(=O)Nc2cnn(CC(=O)O)c2)cc(OC)c1C,old+their,1.0,0.0,0.5187316536903381,694
12,12:COc1cc(C(=O)Nc2cnn(CC(=O)O)c2)cc(OC)c1C,new+their,1.0,0.0,0.5187316536903381,694
12,12:COc1cc(C(=O)Nc2cnn(CC(=O)O)c2)cc(OC)c1C,old+bde,1.0,0.0,0.36957499384880066,694
12,12:COc1cc(C(=O)Nc2cnn(CC(=O)O)c2)cc(OC)c1C,new+bde,1.0,0.0,0.36957499384880066,694
12,12:COc1cc(C2(C(=O)N3CCC(OC(F)F)C3)CCCC2)ccc1C,old+their,0.5,0.0,0.09357805550098419,553
12,12:COc1cc(C2(C(=O)N3CCC(OC(F)F)C3)CCCC2)ccc1C,new+their,0.2,0.0,0.09357805550098419,553
12,12:COc1cc(C2(C(=O)N3CCC(OC(F)F)C3)CCCC2)ccc1C,old+bde,0.5,0.0,0.0443882942199707,553
12,12:COc1cc(C2(C(=O)N3CCC(OC(F)F)C3)CCCC2)ccc1C,new+bde,0.3333333333333333,0.0,0.0443882942199707,553
12,12:COc1ccc(NC(=O)NCCOc2ccccc2)c(OC)c1,old+their,0.0,0.0,0.4407108724117279,638
12,12:COc1ccc(NC(=O)NCCOc2ccccc2)c(OC)c1,new+their,0.16666666666666666,0.0,0.4407108724117279,638
12,12:COc1ccc(NC(=O)NCCOc2ccccc2)c(OC)c1,old+bde,0.047619047619047616,0.0,0.2866378426551819,638
12,12:COc1ccc(NC(=O)NCCOc2ccccc2)c(OC)c1,new+bde,0.2,0.0,0.2866378426551819,638
12,12:COc1ccccc1N1CC(C(=O)NC2CCCN(c3ncccn3)C2)CC1=O,old+their,1.0,0.0,0.7622711062431335,468
12,12:COc1ccccc1N1CC(C(=O)NC2CCCN(c3ncccn3)C2)CC1=O,new+their,1.0,0.0,0.7622711062431335,468
12,12:COc1ccccc1N1CC(C(=O)NC2CCCN(c3ncccn3)C2)CC1=O,old+bde,1.0,0.0,0.33481913805007935,468
12,12:COc1ccccc1N1CC(C(=O)NC2CCCN(c3ncccn3)C2)CC1=O,new+bde,1.0,0.0,0.33481913805007935,468
12,12:COc1ccccc1OCCCn1c(=O)oc2ccc(C)cc21,old+their,1.0,0.0,0.9125444293022156,742
12,12:COc1ccccc1OCCCn1c(=O)oc2ccc(C)cc21,new+their,1.0,0.0,0.9125444293022156,742
12,12:COc1ccccc1OCCCn1c(=O)oc2ccc(C)cc21,old+bde,1.0,0.0,0.7473447918891907,742
12,12:COc1ccccc1OCCCn1c(=O)oc2ccc(C)cc21,new+bde,1.0,0.0,0.7473447918891907,742
12,12:CS(=O)(=O)Nc1nc2c(s1)CN(C(=O)c1ccc(F)c(Cl)c1)CC2,old+their,1.0,0.0,0.5131241083145142,435
12,12:CS(=O)(=O)Nc1nc2c(s1)CN(C(=O)c1ccc(F)c(Cl)c1)CC2,new+their,1.0,0.0,0.5131241083145142,435
12,12:CS(=O)(=O)Nc1nc2c(s1)CN(C(=O)c1ccc(F)c(Cl)c1)CC2,old+bde,1.0,0.0,0.35544198751449585,435
12,12:CS(=O)(=O)Nc1nc2c(s1)CN(C(=O)c1ccc(F)c(Cl)c1)CC2,new+bde,1.0,0.0,0.35544198751449585,435
12,12:Cc1c(C(=O)NCCc2ccco2)cnn1C1CCS(=O)(=O)C1,old+their,0.0,0.0,0.5459345579147339,553
12,12:Cc1c(C(=O)NCCc2ccco2)cnn1C1CCS(=O)(=O)C1,new+their,0.0,0.0,0.5459345579147339,553
12,12:Cc1c(C(=O)NCCc2ccco2)cnn1C1CCS(=O)(=O)C1,old+bde,0.0,0.0,0.5459345579147339,553
12,12:Cc1c(C(=O)NCCc2ccco2)cnn1C1CCS(=O)(=O)C1,new+bde,0.0,0.0,0.5459345579147339,553
12,12:Cc1cc(Br)cc(S(=O)(=O)NC2CCNC(C)C2)c1,old+their,1.0,0.0,0.657605767250061,730
12,12:Cc1cc(Br)cc(S(=O)(=O)NC2CCNC(C)C2)c1,new+their,0.5,0.0,0.657605767250061,730
12,12:Cc1cc(Br)cc(S(=O)(=O)NC2CCNC(C)C2)c1,old+bde,1.0,0.0,0.5700362324714661,730
12,12:Cc1cc(Br)cc(S(=O)(=O)NC2CCNC(C)C2)c1,new+bde,0.5,0.0,0.5700362324714661,730
12,12:Cc1cc(C(=O)N2CCn3c(Cc4ccccc4)nnc3C2)[nH]n1,old+their,0.3333333333333333,0.0,0.20767910778522491,825
12,12:Cc1cc(C(=O)N2CCn3c(Cc4ccccc4)nnc3C2)[nH]n1,new+their,0.07142857142857142,0.0,0.20767910778522491,825
12,12:Cc1cc(C(=O)N2CCn3c(Cc4ccccc4)nnc3C2)[nH]n1,old+bde,0.08333333333333333,0.0,0.17724740505218506,825
12,12:Cc1cc(C(=O)N2CCn3c(Cc4ccccc4)nnc3C2)[nH]n1,new+bde,0.0625,0.0,0.17724740505218506,825
12,12:Cc1cc(C(C)N2CCN(c3cnccn3)CC2)oc1C(=O)O,old+their,1.0,0.0,0.48423027992248535,920
12,12:Cc1cc(C(C)N2CCN(c3cnccn3)CC2)oc1C(=O)O,new+their,1.0,0.0,0.48423027992248535,920
12,12:Cc1cc(C(C)N2CCN(c3cnccn3)CC2)oc1C(=O)O,old+bde,1.0,0.0,0.39562660455703735,920
12,12:Cc1cc(C(C)N2CCN(c3cnccn3)CC2)oc1C(=O)O,new+bde,1.0,0.0,0.39562660455703735,920
12,12:Cc1cc(NC(=O)NCCNc2cnccn2)nn1-c1ccccc1Cl,old+their,0.5,0.0,0.7146928310394287,415
12,12:Cc1cc(NC(=O)NCCNc2cnccn2)nn1-c1ccccc1Cl,new+their,0.3333333333333333,0.0,0.7146928310394287,415
12,12:Cc1cc(NC(=O)NCCNc2cnccn2)nn1-c1ccccc1Cl,old+bde,0.3333333333333333,0.0,0.6452282071113586,415
12,12:Cc1cc(NC(=O)NCCNc2cnccn2)nn1-c1ccccc1Cl,new+bde,0.25,0.0,0.6452282071113586,415
12,12:Cc1cc2oc(=O)cc(O)c2cc1C,old+their,0.5,0.0,0.35718804597854614,452
12,12:Cc1cc2oc(=O)cc(O)c2cc1C,new+their,0.5,0.0,0.35718804597854614,452
12,12:Cc1cc2oc(=O)cc(O)c2cc1C,old+bde,0.3333333333333333,0.0,0.02264677733182907,452
12,12:Cc1cc2oc(=O)cc(O)c2cc1C,new+bde,0.5,0.0,0.02264677733182907,452
12,12:Cc1ccc(-c2cncc(C(=O)Nc3cnc4[nH]ncc4c3)c2)cc1,old+their,1.0,0.0,0.5053303837776184,478
12,12:Cc1ccc(-c2cncc(C(=O)Nc3cnc4[nH]ncc4c3)c2)cc1,new+their,0.5,0.0,0.5053303837776184,478
12,12:Cc1ccc(-c2cncc(C(=O)Nc3cnc4[nH]ncc4c3)c2)cc1,old+bde,1.0,0.0,0.22554297745227814,478
12,12:Cc1ccc(-c2cncc(C(=O)Nc3cnc4[nH]ncc4c3)c2)cc1,new+bde,0.5,0.0,0.22554297745227814,478
12,12:Cc1ccc(-c2nc(C(=O)N3CCC(NC(=O)c4ccc[nH]4)CC3)cs2)o1,old+their,0.0,0.0,0.0,613
12,12:Cc1ccc(-c2nc(C(=O)N3CCC(NC(=O)c4ccc[nH]4)CC3)cs2)o1,new+their,0.0,0.0,0.0,613
12,12:Cc1ccc(-c2nc(C(=O)N3CCC(NC(=O)c4ccc[nH]4)CC3)cs2)o1,old+bde,0.0,0.0,0.0,613
12,12:Cc1ccc(-c2nc(C(=O)N3CCC(NC(=O)c4ccc[nH]4)CC3)cs2)o1,new+bde,0.0,0.0,0.0,613
12,12:Cc1ccc(C)c(CC(=O)NC2CCC(=O)NC2c2cncn2C)c1,old+their,1.0,0.0,0.4657878875732422,782
12,12:Cc1ccc(C)c(CC(=O)NC2CCC(=O)NC2c2cncn2C)c1,new+their,1.0,0.0,0.4657878875732422,782
12,12:Cc1ccc(C)c(CC(=O)NC2CCC(=O)NC2c2cncn2C)c1,old+bde,1.0,0.0,0.3900461196899414,782
12,12:Cc1ccc(C)c(CC(=O)NC2CCC(=O)NC2c2cncn2C)c1,new+bde,1.0,0.0,0.3900461196899414,782
12,12:Cc1ccc(N2CCCC2)c(C(=O)NC2CCC(=O)NC2(C)C)c1,old+their,0.125,0.0,0.015396866016089916,425
12,12:Cc1ccc(N2CCCC2)c(C(=O)NC2CCC(=O)NC2(C)C)c1,new+their,0.0,0.0,0.015396866016089916,425
12,12:Cc1ccc(N2CCCC2)c(C(=O)NC2CCC(=O)NC2(C)C)c1,old+bde,0.0,0.0,0.0,425
12,12:Cc1ccc(N2CCCC2)c(C(=O)NC2CCC(=O)NC2(C)C)c1,new+bde,0.0,0.0,0.0,425
12,12:Cc1ccnc(N2CCCC2C2COCCC2(C)O)c1,old+their,1.0,0.0,0.5525116324424744,500
12,12:Cc1ccnc(N2CCCC2C2COCCC2(C)O)c1,new+their,1.0,0.0,0.5525116324424744,500
12,12:Cc1ccnc(N2CCCC2C2COCCC2(C)O)c1,old+bde,1.0,0.0,0.38312581181526184,500
12,12:Cc1ccnc(N2CCCC2C2COCCC2(C)O)c1,new+bde,1.0,0.0,0.38312581181526184,500
12,12:Cc1ccnc(NCC2CCN(Cc3c[nH]nc3C)C2)c1,old+their,1.0,0.0,0.7027233242988586,668
12,12:Cc1ccnc(NCC2CCN(Cc3c[nH]nc3C)C2)c1,new+their,1.0,0.0,0.7027233242988586,668
12,12:Cc1ccnc(NCC2CCN(Cc3c[nH]nc3C)C2)c1,old+bde,1.0,0.0,0.592479944229126,668
12,12:Cc1ccnc(NCC2CCN(Cc3c[nH]nc3C)C2)c1,new+bde,1.0,0.0,0.592479944229126,668
12,12:Cc1nn(-c2ccccc2)c2sc(C(=O)Nc3c(C)n(C)n(-c4ccccc4)c3=O)cc12,old+their,1.0,0.0,0.017199324443936348,525
12,12:Cc1nn(-c2ccccc2)c2sc(C(=O)Nc3c(C)n(C)n(-c4ccccc4)c3=O)cc12,new+their,1.0,0.0,0.017199324443936348,525
12,12:Cc1nn(-c2ccccc2)c2sc(C(=O)Nc3c(C)n(C)n(-c4ccccc4)c3=O)cc12,old+bde,1.0,0.0,0.20353032648563385,525
12,12:Cc1nn(-c2ccccc2)c2sc(C(=O)Nc3c(C)n(C)n(-c4ccccc4)c3=O)cc12,new+bde,1.0,0.0,0.20353032648563385,525
12,12:Cc1nnc(-c2ccc(C(=O)N3CCC4(C3)C(=O)Nc3ccccc34)cc2)[nH]1,old+their,1.0,0.0,0.9484409689903259,417
12,12:Cc1nnc(-c2ccc(C(=O)N3CCC4(C3)C(=O)Nc3ccccc34)cc2)[nH]1,new+their,0.5,0.0,0.9484409689903259,417
12,12:Cc1nnc(-c2ccc(C(=O)N3CCC4(C3)C(=O)Nc3ccccc34)cc2)[nH]1,old+bde,1.0,0.0,0.8696548342704773,417
12,12:Cc1nnc(-c2ccc(C(=O)N3CCC4(C3)C(=O)Nc3ccccc34)cc2)[nH]1,new+bde,0.5,0.0,0.8696548342704773,417
12,12:N=C(N)SCCS(=O)(=O)O,old+their,1.0,0.0,0.20248404145240784,440
12,12:N=C(N)SCCS(=O)(=O)O,new+their,1.0,0.0,0.20248404145240784,440
12,12:N=C(N)SCCS(=O)(=O)O,old+bde,1.0,0.0,0.055519282817840576,440
12,12:N=C(N)SCCS(=O)(=O)O,new+bde,1.0,0.0,0.055519282817840576,440
12,12:O=C(CCC(=O)N1CCOc2ccccc21)NC1CCCCNC1=O,old+their,0.0,0.0,0.008352437056601048,660
12,12:O=C(CCC(=O)N1CCOc2ccccc21)NC1CCCCNC1=O,new+their,0.05263157894736842,0.0,0.008352437056601048,660
12,12:O=C(CCC(=O)N1CCOc2ccccc21)NC1CCCCNC1=O,old+bde,0.04,0.0,0.008558106608688831,660
12,12:O=C(CCC(=O)N1CCOc2ccccc21)NC1CCCCNC1=O,new+bde,0.041666666666666664,0.0,0.008558106608688831,660
12,12:O=C(CCNc1ncnc2nc[nH]c12)NC(CO)Cc1ccccc1,old+their,1.0,0.0,0.8684121370315552,477
12,12:O=C(CCNc1ncnc2nc[nH]c12)NC(CO)Cc1ccccc1,new+their,0.5,0.0,0.8684121370315552,477
12,12:O=C(CCNc1ncnc2nc[nH]c12)NC(CO)Cc1ccccc1,old+bde,1.0,0.0,0.7466099262237549,477
12,12:O=C(CCNc1ncnc2nc[nH]c12)NC(CO)Cc1ccccc1,new+bde,0.5,0.0,0.7466099262237549,477
12,12:O=C(NC1CC2CCC1O2)c1ccc2c(c1)[nH]c(=O)n2CC(F)(F)F,old+their,1.0,0.0,0.26238906383514404,578
12,12:O=C(NC1CC2CCC1O2)c1ccc2c(c1)[nH]c(=O)n2CC(F)(F)F,new+their,1.0,0.0,0.26238906383514404,578
12,12:O=C(NC1CC2CCC1O2)c1ccc2c(c1)[nH]c(=O)n2CC(F)(F)F,old+bde,1.0,0.0,0.16578054428100586,578
12,12:O=C(NC1CC2CCC1O2)c1ccc2c(c1)[nH]c(=O)n2CC(F)(F)F,new+bde,1.0,0.0,0.16578054428100586,578
12,12:O=C(NCC(=O)N1CC(CO)c2ccccc21)NC1CCCCC1,old+their,1.0,0.0,0.25496745109558105,521
12,12:O=C(NCC(=O)N1CC(CO)c2ccccc21)NC1CCCCC1,new+their,0.25,0.0,0.25496745109558105,521
12,12:O=C(NCC(=O)N1CC(CO)c2ccccc21)NC1CCCCC1,old+bde,0.25,0.0,0.19245955348014832,521
12,12:O=C(NCC(=O)N1CC(CO)c2ccccc21)NC1CCCCC1,new+bde,0.25,0.0,0.19245955348014832,521
12,12:O=C(NCc1ccsc1)C1(c2ccccc2)CCOCC1,old+their,1.0,0.0,0.38564351201057434,573
12,12:O=C(NCc1ccsc1)C1(c2ccccc2)CCOCC1,new+their,1.0,0.0,0.38564351201057434,573
12,12:O=C(NCc1ccsc1)C1(c2ccccc2)CCOCC1,old+bde,1.0,0.0,0.29512763023376465,573
12,12:O=C(NCc1ccsc1)C1(c2ccccc2)CCOCC1,new+bde,1.0,0.0,0.29512763023376465,573
12,12:O=C(Nc1cccc(F)c1)C1CCN(Cc2noc(C3CC3)n2)CC1,old+their,1.0,0.0,0.663911759853363,710
12,12:O=C(Nc1cccc(F)c1)C1CCN(Cc2noc(C3CC3)n2)CC1,new+their,1.0,0.0,0.663911759853363,710
12,12:O=C(Nc1cccc(F)c1)C1CCN(Cc2noc(C3CC3)n2)CC1,old+bde,1.0,0.0,0.29831796884536743,710
12,12:O=C(Nc1cccc(F)c1)C1CCN(Cc2noc(C3CC3)n2)CC1,new+bde,1.0,0.0,0.29831796884536743,710
12,12:O=C(O)C1CCC(NC(=O)C2CC(=O)N(c3ccc(F)cc3F)C2)CC1,old+their,0.09090909090909091,0.0,0.4730413556098938,701
12,12:O=C(O)C1CCC(NC(=O)C2CC(=O)N(c3ccc(F)cc3F)C2)CC1,new+their,0.05555555555555555,0.0,0.4730413556098938,701
12,12:O=C(O)C1CCC(NC(=O)C2CC(=O)N(c3ccc(F)cc3F)C2)CC1,old+bde,0.09090909090909091,0.0,0.4579281210899353,701
12,12:O=C(O)C1CCC(NC(=O)C2CC(=O)N(c3ccc(F)cc3F)C2)CC1,new+bde,0.05263157894736842,0.0,0.4579281210899353,701
12,12:O=C(O)C1COCCN1C(=O)c1cc(Cl)ccc1Cl,old+their,1.0,0.0,0.4626384973526001,980
12,12:O=C(O)C1COCCN1C(=O)c1cc(Cl)ccc1Cl,new+their,0.5,0.0,0.4626384973526001,980
12,12:O=C(O)C1COCCN1C(=O)c1cc(Cl)ccc1Cl,old+bde,1.0,0.0,0.4066932201385498,980
12,12:O=C(O)C1COCCN1C(=O)c1cc(Cl)ccc1Cl,new+bde,0.5,0.0,0.4066932201385498,980
12,12:O=C(c1cc(=O)c2ccccc2o1)N1CCCC1Cn1cccn1,old+their,0.0,0.0,0.012437007389962673,462
12,12:O=C(c1cc(=O)c2ccccc2o1)N1CCCC1Cn1cccn1,new+their,0.0,0.0,0.012437007389962673,462
12,12:O=C(c1cc(=O)c2ccccc2o1)N1CCCC1Cn1cccn1,old+bde,0.0,0.0,0.008104494772851467,462
12,12:O=C(c1cc(=O)c2ccccc2o1)N1CCCC1Cn1cccn1,new+bde,0.0,0.0,0.008104494772851467,462
