seed,arm,rr
10,old+their,1.0
10,new+their,1.0
10,old+bde,1.0
10,new+bde,1.0
10,old+their,1.0
10,new+their,1.0
10,old+bde,1.0
10,new+bde,1.0
10,old+their,1.0
10,new+their,1.0
10,old+bde,1.0
10,new+bde,1.0
10,old+their,1.0
10,new+their,1.0
10,old+bde,1.0
10,new+bde,1.0
10,old+their,1.0
10,new+their,1.0
10,old+bde,1.0
10,new+bde,1.0
10,old+their,1.0
10,new+their,1.0
10,old+bde,1.0
10,new+bde,1.0
10,old+their,1.0
10,new+their,1.0
10,old+bde,1.0
10,new+bde,1.0
10,old+their,1.0
10,new+their,1.0
10,old+bde,1.0
10,new+bde,1.0
10,old+their,0.1111111111111111
10,new+their,0.2
10,old+bde,0.2
10,new+bde,0.25
10,old+their,0.125
10,new+their,0.14285714285714285
10,old+bde,0.16666666666666666
10,new+bde,0.14285714285714285
10,old+their,1.0
10,new+their,1.0
10,old+bde,1.0
10,new+bde,1.0
10,old+their,1.0
10,new+their,1.0
10,old+bde,1.0
10,new+bde,1.0
10,old+their,1.0
10,new+their,1.0
10,old+bde,1.0
10,new+bde,1.0
10,old+their,0.2
10,new+their,0.16666666666666666
10,old+bde,0.1111111111111111
10,new+bde,0.2
10,old+their,1.0
10,new+their,0.5
10,old+bde,1.0
10,new+bde,0.5
10,old+their,1.0
10,new+their,1.0
10,old+bde,1.0
10,new+bde,1.0
10,old+their,1.0
10,new+their,1.0
10,old+bde,1.0
10,new+bde,1.0
10,old+their,1.0
10,new+their,1.0
10,old+bde,1.0
10,new+bde,1.0
10,old+their,1.0
10,new+their,1.0
10,old+bde,1.0
10,new+bde,1.0
10,old+their,1.0
10,new+their,1.0
10,old+bde,1.0
10,new+bde,1.0
10,old+their,1.0
10,new+their,1.0
10,old+bde,1.0
10,new+bde,1.0
10,old+their,1.0
10,new+their,1.0
10,old+bde,1.0
10,new+bde,1.0
10,old+their,1.0
10,new+their,1.0
10,old+bde,1.0
10,new+bde,1.0
10,old+their,1.0
10,new+their,1.0
10,old+bde,1.0
10,new+bde,1.0
10,old+their,1.0
10,new+their,1.0
10,old+bde,1.0
10,new+bde,1.0
10,old+their,1.0
10,new+their,1.0
10,old+bde,1.0
10,new+bde,1.0
10,old+their,1.0
10,new+their,1.0
10,old+bde,1.0
10,new+bde,1.0
10,old+their,1.0
10,new+their,0.5
10,old+bde,1.0
10,new+bde,0.5
10,old+their,1.0
10,new+their,1.0
10,old+bde,1.0
10,new+bde,1.0
10,old+their,0.0
10,new+their,0.0
10,old+bde,0.0
10,new+bde,0.0
10,old+their,0.0
10,new+their,0.0
10,old+bde,0.0
10,new+bde,0.0
10,old+their,1.0
10,new+their,1.0
10,old+bde,1.0
10,new+bde,1.0
10,old+their,1.0
10,new+their,1.0
10,old+bde,1.0
10,new+bde,1.0
10,old+their,0.5
10,new+their,0.5
10,old+bde,1.0
10,new+bde,0.5
10,old+their,1.0
10,new+their,1.0
10,old+bde,1.0
10,new+bde,1.0
10,old+their,1.0
10,new+their,1.0
10,old+bde,1.0
10,new+bde,1.0
10,old+their,1.0
10,new+their,1.0
10,old+bde,1.0
10,new+bde,1.0
10,old+their,1.0
10,new+their,1.0
10,old+bde,1.0
10,new+bde,1.0
10,old+their,1.0
10,new+their,1.0
10,old+bde,1.0
10,new+bde,1.0
10,old+their,0.3333333333333333
10,new+their,0.3333333333333333
10,old+bde,0.5
10,new+bde,0.3333333333333333
10,old+their,1.0
10,new+their,1.0
10,old+bde,1.0
10,new+bde,1.0
10,old+their,1.0
10,new+their,1.0
10,old+bde,0.5
10,new+bde,0.5
10,old+their,1.0
10,new+their,1.0
10,old+bde,1.0
10,new+bde,1.0
10,old+their,1.0
10,new+their,1.0
10,old+bde,1.0
10,new+bde,1.0
10,old+their,1.0
10,new+their,1.0
10,old+bde,1.0
10,new+bde,1.0
10,old+their,1.0
10,new+their,1.0
10,old+bde,1.0
10,new+bde,1.0
10,old+their,0.5
10,new+their,0.5
10,old+bde,1.0
10,new+bde,0.5
10,old+their,1.0
10,new+their,1.0
10,old+bde,1.0
10,new+bde,1.0
10,old+their,1.0
10,new+their,1.0
10,old+bde,1.0
10,new+bde,1.0
10,old+their,1.0
10,new+their,1.0
10,old+bde,1.0
10,new+bde,1.0
11,old+their,1.0
11,new+their,1.0
11,old+bde,1.0
11,new+bde,1.0
11,old+their,1.0
11,new+their,1.0
11,old+bde,1.0
11,new+bde,1.0
11,old+their,0.0
11,new+their,0.0
11,old+bde,0.0
11,new+bde,0.0
11,old+their,0.0
11,new+their,0.0
11,old+bde,0.0
11,new+bde,0.0
11,old+their,0.0
11,new+their,0.0
11,old+bde,0.0
11,new+bde,0.0
11,old+their,1.0
11,new+their,1.0
11,old+bde,1.0
11,new+bde,1.0
11,old+their,1.0
11,new+their,1.0
11,old+bde,1.0
11,new+bde,1.0
11,old+their,1.0
11,new+their,1.0
11,old+bde,1.0
11,new+bde,1.0
11,old+their,1.0
11,new+their,1.0
11,old+bde,1.0
11,new+bde,1.0
11,old+their,1.0
11,new+their,1.0
11,old+bde,1.0
11,new+bde,1.0
11,old+their,1.0
11,new+their,1.0
11,old+bde,1.0
11,new+bde,1.0
11,old+their,1.0
11,new+their,1.0
11,old+bde,1.0
11,new+bde,1.0
11,old+their,1.0
11,new+their,1.0
11,old+bde,1.0
11,new+bde,1.0
11,old+their,1.0
11,new+their,1.0
11,old+bde,1.0
11,new+bde,1.0
11,old+their,0.5
11,new+their,0.5
11,old+bde,0.5
11,new+bde,0.5
11,old+their,1.0
11,new+their,1.0
11,old+bde,1.0
11,new+bde,1.0
11,old+their,1.0
11,new+their,1.0
11,old+bde,1.0
11,new+bde,1.0
11,old+their,1.0
11,new+their,1.0
11,old+bde,1.0
11,new+bde,1.0
11,old+their,0.25
11,new+their,1.0
11,old+bde,1.0
11,new+bde,1.0
11,old+their,1.0
11,new+their,1.0
11,old+bde,1.0
11,new+bde,1.0
11,old+their,1.0
11,new+their,1.0
11,old+bde,1.0
11,new+bde,1.0
11,old+their,1.0
11,new+their,1.0
11,old+bde,1.0
11,new+bde,1.0
11,old+their,1.0
11,new+their,1.0
11,old+bde,1.0
11,new+bde,1.0
11,old+their,1.0
11,new+their,1.0
11,old+bde,1.0
11,new+bde,1.0
11,old+their,1.0
11,new+their,1.0
11,old+bde,1.0
11,new+bde,1.0
11,old+their,0.3333333333333333
11,new+their,0.125
11,old+bde,0.25
11,new+bde,0.1111111111111111
11,old+their,1.0
11,new+their,1.0
11,old+bde,1.0
11,new+bde,1.0
11,old+their,1.0
11,new+their,1.0
11,old+bde,1.0
11,new+bde,1.0
11,old+their,1.0
11,new+their,1.0
11,old+bde,1.0
11,new+bde,1.0
11,old+their,0.25
11,new+their,0.1111111111111111
11,old+bde,0.25
11,new+bde,0.25
11,old+their,1.0
11,new+their,1.0
11,old+bde,1.0
11,new+bde,1.0
11,old+their,1.0
11,new+their,1.0
11,old+bde,1.0
11,new+bde,1.0
11,old+their,1.0
11,new+their,1.0
11,old+bde,1.0
11,new+bde,1.0
11,old+their,1.0
11,new+their,1.0
11,old+bde,1.0
11,new+bde,1.0
11,old+their,0.5
11,new+their,0.5
11,old+bde,0.3333333333333333
11,new+bde,0.5
11,old+their,1.0
11,new+their,1.0
11,old+bde,1.0
11,new+bde,1.0
11,old+their,1.0
11,new+their,1.0
11,old+bde,1.0
11,new+bde,1.0
11,old+their,1.0
11,new+their,1.0
11,old+bde,1.0
11,new+bde,1.0
11,old+their,1.0
11,new+their,1.0
11,old+bde,1.0
11,new+bde,1.0
11,old+their,1.0
11,new+their,1.0
11,old+bde,1.0
11,new+bde,1.0
11,old+their,1.0
11,new+their,1.0
11,old+bde,1.0
11,new+bde,1.0
11,old+their,1.0
11,new+their,1.0
11,old+bde,1.0
11,new+bde,1.0
11,old+their,1.0
11,new+their,1.0
11,old+bde,1.0
11,new+bde,1.0
11,old+their,1.0
11,new+their,1.0
11,old+bde,1.0
11,new+bde,1.0
11,old+their,0.0
11,new+their,0.0
11,old+bde,0.0
11,new+bde,0.0
11,old+their,1.0
11,new+their,1.0
11,old+bde,1.0
11,new+bde,1.0
11,old+their,1.0
11,new+their,1.0
11,old+bde,1.0
11,new+bde,1.0
11,old+their,0.043478260869565216
11,new+their,0.045454545454545456
11,old+bde,0.0
11,new+bde,0.041666666666666664
11,old+their,0.16666666666666666
11,new+their,0.05263157894736842
11,old+bde,0.1111111111111111
11,new+bde,0.045454545454545456
11,old+their,1.0
11,new+their,1.0
11,old+bde,1.0
11,new+bde,1.0
12,old+their,1.0
12,new+their,1.0
12,old+bde,1.0
12,new+bde,1.0
12,old+their,1.0
12,new+their,1.0
12,old+bde,1.0
12,new+bde,1.0
12,old+their,1.0
12,new+their,1.0
12,old+bde,1.0
12,new+bde,1.0
12,old+their,1.0
12,new+their,1.0
12,old+bde,1.0
12,new+bde,1.0
12,old+their,0.5
12,new+their,1.0
12,old+bde,0.5
12,new+bde,1.0
12,old+their,0.5
12,new+their,1.0
12,old+bde,1.0
12,new+bde,1.0
12,old+their,1.0
12,new+their,1.0
12,old+bde,1.0
12,new+bde,1.0
12,old+their,1.0
12,new+their,1.0
12,old+bde,1.0
12,new+bde,1.0
12,old+their,1.0
12,new+their,1.0
12,old+bde,1.0
12,new+bde,1.0
12,old+their,0.06666666666666667
12,new+their,0.0
12,old+bde,0.05555555555555555
12,new+bde,0.0
12,old+their,1.0
12,new+their,0.5
12,old+bde,1.0
12,new+bde,0.5
12,old+their,0.07692307692307693
12,new+their,0.1111111111111111
12,old+bde,0.0625
12,new+bde,0.1
12,old+their,0.0
12,new+their,0.0
12,old+bde,0.0
12,new+bde,0.0
12,old+their,0.1111111111111111
12,new+their,0.2
12,old+bde,0.2
12,new+bde,0.25
12,old+their,0.0
12,new+their,0.0
12,old+bde,0.0
12,new+bde,0.0
12,old+their,0.3333333333333333
12,new+their,0.5
12,old+bde,0.25
12,new+bde,0.3333333333333333
12,old+their,1.0
12,new+their,1.0
12,old+bde,1.0
12,new+bde,1.0
12,old+their,1.0
12,new+their,1.0
12,old+bde,1.0
12,new+bde,1.0
12,old+their,1.0
12,new+their,1.0
12,old+bde,1.0
12,new+bde,1.0
12,old+their,1.0
12,new+their,1.0
12,old+bde,1.0
12,new+bde,1.0
12,old+their,1.0
12,new+their,1.0
12,old+bde,1.0
12,new+bde,1.0
12,old+their,1.0
12,new+their,0.5
12,old+bde,0.5
12,new+bde,0.5
12,old+their,1.0
12,new+their,1.0
12,old+bde,1.0
12,new+bde,1.0
12,old+their,1.0
12,new+their,1.0
12,old+bde,1.0
12,new+bde,1.0
12,old+their,1.0
12,new+their,1.0
12,old+bde,1.0
12,new+bde,1.0
12,old+their,1.0
12,new+their,1.0
12,old+bde,1.0
12,new+bde,1.0
12,old+their,0.0
12,new+their,0.0
12,old+bde,0.0
12,new+bde,0.0
12,old+their,0.5
12,new+their,0.5
12,old+bde,0.5
12,new+bde,0.5
12,old+their,0.5
12,new+their,0.25
12,old+bde,0.16666666666666666
12,new+bde,0.25
12,old+their,1.0
12,new+their,1.0
12,old+bde,1.0
12,new+bde,1.0
12,old+their,0.5
12,new+their,0.3333333333333333
12,old+bde,0.3333333333333333
12,new+bde,0.3333333333333333
12,old+their,0.5
12,new+their,0.5
12,old+bde,0.5
12,new+bde,0.5
12,old+their,1.0
12,new+their,1.0
12,old+bde,0.5
12,new+bde,1.0
12,old+their,1.0
12,new+their,1.0
12,old+bde,1.0
12,new+bde,1.0
12,old+their,1.0
12,new+their,1.0
12,old+bde,1.0
12,new+bde,1.0
12,old+their,0.047619047619047616
12,new+their,0.0
12,old+bde,0.0
12,new+bde,0.0
12,old+their,1.0
12,new+their,1.0
12,old+bde,1.0
12,new+bde,1.0
12,old+their,1.0
12,new+their,1.0
12,old+bde,1.0
12,new+bde,1.0
12,old+their,1.0
12,new+their,1.0
12,old+bde,1.0
12,new+bde,1.0
12,old+their,1.0
12,new+their,1.0
12,old+bde,1.0
12,new+bde,1.0
12,old+their,1.0
12,new+their,1.0
12,old+bde,1.0
12,new+bde,1.0
12,old+their,0.5
12,new+their,0.3333333333333333
12,old+bde,1.0
12,new+bde,0.3333333333333333
12,old+their,1.0
12,new+their,1.0
12,old+bde,1.0
12,new+bde,1.0
12,old+their,1.0
12,new+their,1.0
12,old+bde,1.0
12,new+bde,1.0
12,old+their,1.0
12,new+their,1.0
12,old+bde,1.0
12,new+bde,1.0
12,old+their,1.0
12,new+their,1.0
12,old+bde,1.0
12,new+bde,1.0
12,old+their,1.0
12,new+their,1.0
12,old+bde,1.0
12,new+bde,1.0
12,old+their,0.1
12,new+their,0.041666666666666664
12,old+bde,0.09090909090909091
12,new+bde,0.0
12,old+their,1.0
12,new+their,1.0
12,old+bde,1.0
12,new+bde,1.0
12,old+their,1.0
12,new+their,1.0
12,old+bde,1.0
12,new+bde,1.0
